"","V1","V2","V3","Intercept","Intercept p-val","Var1","Var1 p_val","Var2","Var2 p_val","Var1 Beta","Var2 Beta","Var 1 rob p_val","Var 2 rob p_val","r2","r2adj","r2 ex dummy","aic","bic","F","Num_obs","Gap","Max VIF","BG_stat","DW_upper_stat","DW_lower_stat","BP_stat","White_stat","SW_stat","JB_stat","RESET_stat","ADF p (noconst)","PP p (noconst)","KPSS lag (const)","Criteria1","Criteria2","Criteria3","RMSE","V38","V39","V40","V41","V42","V43","V44","V45","V46"
"16522","IPB51222SMoMDifferenceL0","BAA10YB_IndexMoMPercentChangeL1",NA,"0",NA,"0.421673048452116","0.00023393598998385","-18.4944295503654","0.00198171333005844","0.414030142512631","-0.341785694107664","0.0107780076191107","0.0184117458860071","0.252161357787888","0.230166103605179",NA,"422.280788548176","429.026274274324","5.12234322045391e-05","70","No gap","1.01280662499588","0.109912093100007","0.958569129850719","0.0414308701492808","0.0063141241259614","0.000152608715134084","0.00265032102337135","1.54202737402409e-05","7.37422492751008e-05","0.103162176926208","0.01","0.1","","","","3.7596100949867","","","","","","","","",""
"16439","IPB51222SMoMDifferenceL0","WPSID61MoMDifferenceL0",NA,"0",NA,"0.384019358207559","0.000690804788523433","1.31023280260526","0.00220610680751274","0.377058932720334","0.337474502310197","0.0196403600110248","0.00592582151166816","0.249978557081572","0.227919102878088",NA,"422.484807814223","429.230293540371","5.65594422130555e-05","70","No gap","1.00002194617951","0.0507724967908933","0.976785634111166","0.0232143658888336","0.00214153291979523","4.67247694061952e-05","0.0023304818288175","0.000248984123859097","0.000326268651876442","0.197521389057147","0.01","0.1","","","","4.1586512409684","","","","","","","","",""
"16293","IPB51222SMoMDifferenceL0","CLF16OVMoMPercentChangeL0",NA,"0",NA,"0.348680447158524","0.00202180773721702","-263.027852411615","0.00232837174259139","0.342360546300851","-0.335788877405948","0.050789663253317","3.55477123975194e-08","0.248879782051058","0.226788010934913",NA,"422.58728217474","429.332767900889","5.94458265996689e-05","70","No gap","1.00973134804399","0.906593449623438","0.529278823380108","0.470721176619892","0.0216056364631154","0.000714424837277394","5.07352868086706e-05","0","0.665911727526638","0.286704220859219","0.01","0.1","","","","3.14817063219613","","","","","","","","",""
"16291","IPB51222SMoMDifferenceL0","CLF16OVMoMDifferenceL0",NA,"0",NA,"0.348923130572674","0.0020074215550729","-0.00165150939606854","0.00233290100590143","0.342598831030962","-0.335814564631451","0.055607080339664","8.1713504623932e-09","0.248840181071545","0.226747245220708",NA,"422.590972656539","429.336458382688","5.95524799773539e-05","70","No gap","1.00959525328189","0.908053079835029","0.530196553869365","0.469803446130635","0.0216005115130692","0.000741288626307379","5.13582623977303e-05","0","0.68504864435137","0.287533351000868","0.01","0.1","","","","3.19632101546374","","","","","","","","",""
"4737","INDPROMoMDifferenceL0","IPB51222SMoMDifferenceL0",NA,"0",NA,"-1.6129003292112","0.00235627300611389","0.40659434075249","0.00036477366239614","-0.333363786201234","0.39922473932004","5.59641840867508e-06","0.0236514282228518","0.24863703035226","0.226538119480268",NA,"422.609901554716","429.355387280864","6.01025323636595e-05","70","No gap","1.00501413774361","0.506547240629808","0.318139816370442","0.681860183629558","0.0168776594004882","0.0054285240946866","0.000305629983535011","7.105427357601e-15","0.580063373816831","0.35913575111169","0.01","0.1","","","","2.50698480739186","","","","","","","","",""
"5305","INDPROMoMPercentChangeL0","IPB51222SMoMDifferenceL0",NA,"0",NA,"-170.109017515262","0.00240185740287722","0.40695803913239","0.000362297896471543","-0.332472657712357","0.399581845596133","8.43299438125947e-06","0.0234938051557931","0.24824647056294","0.22613607263832",NA,"422.646278223969","429.391763950117","6.11739010060175e-05","70","No gap","1.0051844336883","0.500940982738161","0.314960907690985","0.685039092309015","0.0168025257823117","0.00554097796648589","0.000316200695909287","8.99280649946377e-15","0.580369282300965","0.360346513102737","0.01","0.1","","","","2.51869108386387","","","","","","","","",""
"16441","IPB51222SMoMDifferenceL0","WPSID61MoMPercentChangeL0",NA,"0",NA,"0.384363222935256","0.000695176125785778","251.585317004149","0.00245382939569277","0.377396564833024","0.334183742138292","0.02012206174493","0.00632031561928174","0.247810015941443","0.225686781116191",NA,"422.686907175905","429.432392902053","6.23931009010592e-05","70","No gap","1.00003296407597","0.0562619978003118","0.974280596417858","0.0257194035821423","0.00224071367234973","4.61184152775791e-05","0.0021833289923183","0.000196034395143596","0.000326796832224926","0.202009376783555","0.01","0.1","","","","4.10696118803321","","","","","","","","",""
"16417","IPB51222SMoMDifferenceL0","M2REALMoMPercentChangeL0",NA,"0",NA,"0.419032103584411","0.000264673595903092","-370.444714482787","0.00261537312351599","0.411437065283821","-0.2469963688813","0.0146032177633827","0.00921837619624969","0.246509463951541","0.224347977597175",NA,"422.807834106577","429.553319832725","6.61675819614294e-05","70","No gap","1.0117237602968","0.328935599535182","0.853736035121916","0.146263964878084","0.00451086603154627","0.000125483900762973","0.00755408100695538","9.62021369311783e-05","0.000235883407736682","0.309494320669854","0.01","0.1","","","","3.20127222748896","","","","","","","","",""
"16415","IPB51222SMoMDifferenceL0","M2REALMoMDifferenceL0",NA,"0",NA,"0.419443149050534","0.000265250119914175","-0.0721940446726315","0.00280347022067428","0.411840660470999","-0.245468085715537","0.0149597570728833","0.00884849575694896","0.245091627097076","0.222888439658755",NA,"422.939428751008","429.684914477156","7.05349296576951e-05","70","No gap","1.01214759032207","0.351699571915273","0.843562421877419","0.156437578122581","0.00507565853454698","0.000227652338050933","0.00618460675964531","5.09601102131052e-05","0.000217542165445795","0.307972559647575","0.01","0.1","","","","3.19278342955149","","","","","","","","",""
"16919","IPB51222SMoMPercentChangeL0","WPSID61MoMDifferenceL0",NA,"0",NA,"38.166155857779","0.000917988709826318","1.31862056825536","0.0021554763849006","0.368684650826868","0.339634925276736","0.0190068386588404","0.00668713343096309","0.244092925372937","0.221860364354494",NA,"423.031973649178","429.777459375326","7.37778405057732e-05","70","No gap","1.00011320591436","0.0551732090837235","0.974651297755344","0.0253487022446564","0.00227038479933188","4.83072691393383e-05","0.00246116009999681","0.000215035058730995","0.000209412822961762","0.196955980763619","0.01","0.1","","","","4.17540009243527","","","","","","","","",""
"16773","IPB51222SMoMPercentChangeL0","CLF16OVMoMPercentChangeL0",NA,"0",NA,"34.568961676046","0.0026062424923639","-265.365960298651","0.00219854108541857","0.333935794122758","-0.338773772790385","0.047353934310208","1.18799024435622e-08","0.243686745253686","0.221442237761148",NA,"423.06957744074","429.815063166889","7.51377519185858e-05","70","No gap","1.00845800071111","0.863751597362523","0.508123178279054","0.491876821720946","0.0275648238539242","0.00107999462718108","4.10764169268526e-05","0","0.631178407060815","0.281189593422676","0.01","0.1","","","","2.96767621233962","","","","","","","","",""
"16771","IPB51222SMoMPercentChangeL0","CLF16OVMoMDifferenceL0",NA,"0",NA,"34.5923885714913","0.00258933806595399","-0.00166610794531281","0.00220426507167645","0.334162097678175","-0.338783003969662","0.0536111961429006","2.78040019081128e-09","0.243633349684238","0.221387271733774",NA,"423.074519252753","429.820004978901","7.53183223433096e-05","70","No gap","1.0083394645352","0.864989011018178","0.508946835417997","0.491053164582003","0.0275660044905012","0.00112042363368484","4.14983795498463e-05","0","0.65056721875025","0.282034253273721","0.01","0.1","","","","3.01344007627435","","","","","","","","",""
"16897","IPB51222SMoMPercentChangeL0","M2REALMoMPercentChangeL0",NA,"0",NA,"42.2657270065845","0.000304353289228724","-378.726621634455","0.0022097328011961","0.408286463573466","-0.25251838313579","0.0130757891450328","0.00944868780942958","0.243582472241999","0.221334897896176",NA,"423.079227685072","429.82471341122","7.54907689080042e-05","70","No gap","1.0163014267656","0.331477348512797","0.852474386867426","0.147525613132574","0.00533319285788071","0.000167580964971657","0.00741041091374056","9.88369726427907e-05","0.000119260526979443","0.305190569542437","0.01","0.1","","","","3.16466296848287","","","","","","","","",""
"4739","INDPROMoMDifferenceL0","IPB51222SMoMPercentChangeL0",NA,"0",NA,"-1.62971475983464","0.00222217355298981","40.6278213545355","0.000467371197670333","-0.336839092240875","0.392464312774122","4.54113611401322e-06","0.0104406047197916","0.243467172082382","0.221216206555394",NA,"423.089896919735","429.835382645883","7.58829925603388e-05","70","No gap","1.00655584084051","0.457471951690967","0.291165748925673","0.708834251074327","0.0235262977662648","0.00768856612102902","0.000242678454638031","6.66133814775094e-16","0.500171144126561","0.353403184685913","0.01","0.1","","","","2.44940830681957","","","","","","","","",""
"5307","INDPROMoMPercentChangeL0","IPB51222SMoMPercentChangeL0",NA,"0",NA,"-171.908839439882","0.00226240738590214","40.6691528818283","0.000463644900614166","-0.33599035234976","0.392863574878613","6.09395148303425e-06","0.0217277061788162","0.243098602570898","0.220836796764159",NA,"423.123991386322","429.86947711247","7.71500904993561e-05","70","No gap","1.00677055889757","0.452437068483977","0.288288392432758","0.711711607567242","0.0234364832980019","0.00782968094034782","0.000250716394064796","8.88178419700125e-16","0.496805786732633","0.354591589748175","0.01","0.1","","","","2.46128075991289","","","","","","","","",""
"16895","IPB51222SMoMPercentChangeL0","M2REALMoMDifferenceL0",NA,"0",NA,"42.3181434749727","0.00030416649711666","-0.0738507233431504","0.00236149141802952","0.408792806088476","-0.251100984436506","0.0133201874574307","0.00899126082268789","0.24221782218794","0.219930111075821",NA,"423.205400645344","429.950886371492","8.02618481759998e-05","70","No gap","1.01689043894308","0.355201278747988","0.841919249745356","0.158080750254644","0.00608094283621091","0.000318372778683634","0.00613398615297741","5.09435010319637e-05","0.000114622265639665","0.303352481268673","0.01","0.1","","","","3.1547904073591","","","","","","","","",""
"17002","IPB51222SMoMPercentChangeL0","BAA10YB_IndexMoMPercentChangeL1",NA,"0",NA,"41.4533892828141","0.000380501787626756","-18.2457686605871","0.00238656637146798","0.400439289989681","-0.337190324751782","0.0134701463510214","0.0159650212683576","0.24200071220449","0.219706615504622",NA,"423.225453270726","429.970938996874","8.1047405660839e-05","70","No gap","1.01107388692775","0.129487392061108","0.950612569531653","0.049387430468347","0.00757586821999477","0.00018328788687146","0.00275894728282645","9.919242117018e-06","7.00597528641887e-05","0.100217182183517","0.01","0.1","","","","3.74735974588042","","","","","","","","",""
"16921","IPB51222SMoMPercentChangeL0","WPSID61MoMPercentChangeL0",NA,"0",NA,"38.1879400032423","0.000927416319778627","253.116260965536","0.00240688756953962","0.368895085435311","0.336217313048203","0.0194603524526611","0.00714707842305302","0.241826408545853","0.21952718526779",NA,"423.241548079339","429.987033805487","8.16834749994833e-05","70","No gap","1.00012938519193","0.0612605835196322","0.971860861416814","0.0281391385831864","0.00240667748074697","4.98573390295423e-05","0.00229836590617797","0.000163112484951267","0.000207614502642868","0.20163641324085","0.01","0.1","","","","4.12192581154942","","","","","","","","",""
"16461","IPB51222SMoMDifferenceL0","INVESTMoMPercentChangeL0",NA,"0",NA,"0.388560331396327","0.000648883541902339","-251.036487367217","0.00346781500491356","0.381517599887688","-0.27199809604384","0.0110037628126946","0.0364092598645066","0.240743130272473","0.218412045868722",NA,"423.341492681689","430.086978407838","8.57465831118898e-05","70","No gap","1.00034930343393","0.722471151274789","0.38244664758954","0.61755335241046","0.00282539435829891","0.000183874443321618","0.00830904032086757","0.00118254861431732","9.80482081557516e-05","0.2061233575129","0.01","0.1","","","","3.31365373859811","","","","","","","","",""
"16440","IPB51222SMoMDifferenceL0","WPSID61MoMDifferenceL1",NA,"0",NA,"0.424647905721005","0.000248766489383317","1.24555398178375","0.00405456355532177","0.416951079915469","0.320815285090672","0.0141587173943093","0.00456367269625129","0.237540649529183","0.215115374515335",NA,"423.636125780832","430.38161150698","9.89390242247534e-05","70","No gap","1.01700448015918","0.300434946190215","0.852887793913162","0.147112206086838","0.00526880682654935","0.000387166719081736","0.00643078462725968","1.30741138929524e-05","0.00120345638690435","0.110551463947985","0.01","0.1","","","","4.00164105843313","","","","","","","","",""
"16941","IPB51222SMoMPercentChangeL0","INVESTMoMPercentChangeL0",NA,"0",NA,"38.9858686763467","0.000767338551065237","-255.759569359713","0.00300890217447577","0.376603067746248","-0.277115556548849","0.00982453907774255","0.0373543804402861","0.237230700680278","0.214796309523816",NA,"423.66457583614","430.410061562288","0.000100315712902921","70","No gap","1.00122950539938","0.691679441648219","0.434630616956651","0.565369383043349","0.00289535057898054","0.000175857456843108","0.00811535786651353","0.00128135532139961","4.81766685746096e-05","0.199168086663642","0.01","0.1","","","","3.32091613614802","","","","","","","","",""
"16459","IPB51222SMoMDifferenceL0","INVESTMoMDifferenceL0",NA,"0",NA,"0.391297798419552","0.000619464307906627","-0.0789500027663693","0.00426637505762908","0.384205449789193","-0.266798804138884","0.0112223358717539","0.0345985528478574","0.236496391576122","0.214040403093067",NA,"423.731931603246","430.477417329394","0.000103651882423117","70","No gap","1.00076097134873","0.767991336886242","0.390455729178476","0.609544270821524","0.00337189012376482","0.000317113811244199","0.00676490040478549","0.000513961079573133","8.0143189050882e-05","0.220809089697572","0.01","0.1","","","","3.35737875532894","","","","","","","","",""
"16442","IPB51222SMoMDifferenceL0","WPSID61MoMPercentChangeL1",NA,"0",NA,"0.423165487879365","0.000263810891416778","238.7289188817","0.00451439385284733","0.415495531185262","0.317101980083765","0.0144231931459595","0.00431196756314133","0.235337044378978","0.212846957448948",NA,"423.838142956483","430.583628682631","0.000109139444465001","70","No gap","1.01619138910614","0.315191045930375","0.846156719538725","0.153843280461275","0.00523954477717831","0.000447747753214248","0.00545766474550193","7.93213503846868e-06","0.00142976199649796","0.11056510923068","0.01","0.1","","","","3.9857653379216","","","","","","","","",""
"16366","IPB51222SMoMDifferenceL0","USFIREMoMPercentChangeL1",NA,"0",NA,"0.386724989125813","0.000718247322386938","-872.155287158789","0.00475723287426481","0.379715523552457","-0.230129827054371","0.0145494365876303","0.00780022920105616","0.234261542825012","0.211739823496337",NA,"423.936529066875","430.682014793023","0.000114481577054848","70","No gap","1.00018355854287","0.702915451834872","0.684693399713788","0.315306600286212","0.00439390775083139","0.00536160742843946","0.0017759717639282","3.61744376675688e-07","0.146133950984209","0.245055345434184","0.01","0.1","","","","3.70403147121129","","","","","","","","",""
"16939","IPB51222SMoMPercentChangeL0","INVESTMoMDifferenceL0",NA,"0",NA,"39.2319330932139","0.000741781296799084","-0.0803938327216375","0.00374790492367593","0.378980047339154","-0.271677994663872","0.0101581376943252","0.0350018602597102","0.232698285313583","0.210130587822806",NA,"424.079288618433","430.824774344581","0.00012270146171689","70","No gap","1.00186855600186","0.736717026723661","0.396681128791479","0.603318871208521","0.00352128037937801","0.000335304253586736","0.00665223361173577","0.000531745872641043","3.85799703682119e-05","0.213966036544258","0.01","0.1","","","","3.37067059905371","","","","","","","","",""
"16920","IPB51222SMoMPercentChangeL0","WPSID61MoMDifferenceL1",NA,"0",NA,"42.5401670096693","0.000315277192339626","1.26185390468789","0.00378228145104904","0.410937551020871","0.325013629353487","0.0135407788087645","0.00523818111553406","0.232509636251967","0.209936390259378",NA,"424.09649672703","430.841982453178","0.000123731325963217","70","No gap","1.02036612852674","0.323119221777279","0.841895326181995","0.158104673818005","0.00663417818769169","0.000587231491300788","0.00550996850770974","8.27644143253092e-06","0.000458773764044053","0.113851399480644","0.01","0.1","","","","4.03625898802139","","","","","","","","",""
"16364","IPB51222SMoMDifferenceL0","USFIREMoMDifferenceL1",NA,"0",NA,"0.385849325166069","0.000751808665074647","-0.104810773067475","0.0054453132458578","0.378855731172136","-0.225967251192027","0.0149849206822023","0.00838508927793039","0.231486528030753","0.208883190619893",NA,"424.189748559364","430.935234285512","0.000129464438323623","70","No gap","1.00012009499377","0.716877446510199","0.67785782544987","0.32214217455013","0.00437128230076018","0.00517184521447891","0.00167197023818681","2.49407755226194e-07","0.186350910978115","0.24845634497957","0.01","0.1","","","","3.72789690478241","","","","","","","","",""
"16846","IPB51222SMoMPercentChangeL0","USFIREMoMPercentChangeL1",NA,"0",NA,"38.8979362844864","0.000820265611999783","-892.821412029223","0.00397944739571529","0.375753641796457","-0.235582860261118","0.012191909984664","0.0075015739995279","0.231459396482008","0.20885526108442",NA,"424.192219791109","430.937705517257","0.000129619929415514","70","No gap","1.00111559272419","0.703518646743959","0.684549384125924","0.315450615874076","0.00580971372055181","0.00716035430447518","0.00190229422604656","2.08243399746344e-07","0.174404123482107","0.239316164809877","0.01","0.1","","","","3.6969635492913","","","","","","","","",""
"16922","IPB51222SMoMPercentChangeL0","WPSID61MoMPercentChangeL1",NA,"0",NA,"42.3771826984156","0.000335086391516746","241.827358893864","0.0042198312955463","0.409363124345343","0.321217616629312","0.0134402272966772","0.00451822570226943","0.230246566094326","0.207606759214748",NA,"424.302599396911","431.048085123059","0.000136758897044342","70","No gap","1.01942486894401","0.339009708374127","0.834630523802964","0.165369476197036","0.00661452880290059","0.000687931328118311","0.0046334074624203","4.78756140487313e-06","0.000560292541675093","0.113791248735935","0.01","0.1","","","","4.018088392204","","","","","","","","",""
"16520","IPB51222SMoMDifferenceL0","BAA10YB_IndexMoMDifferenceL1",NA,"0",NA,"0.397884901659835","0.000545331591104585","-0.113378162157037","0.00615032779664903","0.390673160503291","-0.304331950935214","0.0194776350357767","0.027570675680769","0.22898320705984","0.2063062425616",NA,"424.417392830341","431.162878556489","0.000144600723094079","70","No gap","1.00249800712742","0.235447956727022","0.904251363434247","0.0957486365657534","0.0180588591739929","5.95122407384387e-05","0.00110719028324559","2.99175481499603e-07","0.000504192940837206","0.182055338551859","0.01","0.1","","","","3.60459582149495","","","","","","","","",""
"16844","IPB51222SMoMPercentChangeL0","USFIREMoMDifferenceL1",NA,"0",NA,"38.7967485879111","0.0008609276257378","-0.107323919721348","0.00456537407215909","0.374776169747166","-0.231385480870121","0.0129549365698325","0.0084555711150486","0.228618062952219","0.205930358921402",NA,"424.45053612528","431.196021851428","0.000146947368049877","70","No gap","1.0009474966309","0.718527835608803","0.677244541881943","0.322755458118057","0.00580147083558368","0.00680586505524123","0.00177740024896511","1.39872992632739e-07","0.214316794547096","0.242751478147615","0.01","0.1","","","","3.72177224082315","","","","","","","","",""
"19259","CLF16OVMoMDifferenceL0","WPSID61MoMDifferenceL0",NA,"0",NA,"-0.00170174492785756","0.00195397935310798","1.20251496277036","0.00545022690290676","-0.346029355583847","0.309729795937459","2.54574671802988e-08","0.0338399469170863","0.228325391228399","0.205629079205705",NA,"424.477089942726","431.222575668874","0.000148854906653506","70","No gap","1.00561620205989","0.162446510155103","0.92639023984139","0.0736097601586098","0.0760627486732245","0.0960090729962428","2.7981798755226e-05","0","0.92540524874889","0.111465808982248","0.01","0.1","","","","4.54666122143476","","","","","","","","",""
"19715","CLF16OVMoMPercentChangeL0","WPSID61MoMDifferenceL0",NA,"0",NA,"-270.1208623307","0.00203163812543773","1.19631425461169","0.0057232472892313","-0.344844016686148","0.308132689762391","3.15417606448463e-08","0.0226918038612794","0.227507224525981","0.204786848776745",NA,"424.551268008022","431.29675373417","0.000154315837747498","70","No gap","1.00637224221352","0.166090666942583","0.924756475727165","0.0752435242728346","0.0748385132209802","0.0886343830022634","2.73329423560451e-05","0","0.913840522259059","0.112067861452899","0.01","0.1","","","","4.55323125482812","","","","","","","","",""
"19261","CLF16OVMoMDifferenceL0","WPSID61MoMPercentChangeL0",NA,"0",NA,"-0.00170217087498392","0.00197950903488647","230.214574694873","0.00611321760861309","-0.34611596680697","0.305796733221276","2.03640819328537e-08","0.0411105562413033","0.225955442260734","0.203189425856638",NA,"424.691742851647","431.437228577795","0.000165212419196759","70","No gap","1.00571895757999","0.169962264696441","0.922966269829002","0.0770337301709979","0.0853679818134173","0.114795021601043","2.30809548468951e-05","0","0.948021569964513","0.11629653779771","0.01","0.1","","","","4.45399108091182","","","","","","","","",""
"19717","CLF16OVMoMPercentChangeL0","WPSID61MoMPercentChangeL0",NA,"0",NA,"-270.242087230882","0.00205320447903745","229.053602011252","0.00640430001827712","-0.344998775860024","0.304254599520659","2.52544977344283e-08","0.0236300300396368","0.225185904138372","0.202397254260089",NA,"424.761300745613","431.506786471761","0.000170889525459961","70","No gap","1.00645360680422","0.1735855894587","0.921340939155743","0.0786590608442574","0.0840689049284053","0.106314730981196","2.25358770151124e-05","0","0.937737506320315","0.116843426533319","0.01","0.1","","","","4.46081710284867","","","","","","","","",""
"16437","IPB51222SMoMDifferenceL0","WPSFD49502MoMPercentChangeL0",NA,"0",NA,"0.401505220723502","0.000509014520617675","192.716355819414","0.00741521435666753","0.394227860580456","0.297271167420233","0.0194460096108886","0.0264597013620771","0.225134122886242","0.202343950029955",NA,"424.765978727795","431.511464453943","0.000171278255740148","70","No gap","1.00397211820763","0.129029370975649","0.945124012354878","0.0548759876451222","0.002644753876092","6.47585322797471e-05","0.00222367722029349","3.74043048182449e-05","0.000170787514493071","0.271479871921952","0.01","0.1","","","","4.1139450924314","","","","","","","","",""
"16435","IPB51222SMoMDifferenceL0","WPSFD49502MoMDifferenceL0",NA,"0",NA,"0.401640900707613","0.000507911689040412","0.919918820686691","0.00748393011976936","0.39436108133849","0.297008849457958","0.0193283089232812","0.0277110779147749","0.22494419266735","0.202148433628154",NA,"424.783134582213","431.528620308361","0.00017271145366704","70","No gap","1.00403759740549","0.126133624608439","0.946391895070251","0.0536081049297493","0.00241678943930429","5.99538400283478e-05","0.0023202765066909","4.13970516555118e-05","0.000177642815321161","0.266692416951062","0.01","0.1","","","","4.17818248367983","","","","","","","","",""
"12812","IPMATMoMPercentChangeL0","IPB51222SMoMDifferenceL0",NA,"0",NA,"-117.847381886564","0.00772817318548873","0.379536878664682","0.000950130088533874","-0.294586996133923","0.372657698990173","0.000578517456327277","0.030227100240625","0.224282881947235","0.201467672592742",NA,"424.842836105829","431.588321831977","0.000177793041746144","70","No gap","1.00009079021015","0.52733658525475","0.32826525843364","0.67173474156636","0.0144784733742713","0.00663708276305524","0.000605426514251603","3.59656748827319e-12","0.399274759545252","0.36448813224718","0.01","0.1","","","","2.98738280284669","","","","","","","","",""
"12302","IPMATMoMDifferenceL0","IPB51222SMoMDifferenceL0",NA,"0",NA,"-1.07226839998009","0.00777162463021496","0.378831852184872","0.000970580089320231","-0.294592422142","0.371965451252305","0.000697889056652119","0.030882698446324","0.224167417242273","0.201348811867046",NA,"424.853254759331","431.59874048548","0.000178695041806232","70","No gap","1.00014101066856","0.537662638681982","0.3339095101995","0.6660904898005","0.0147563914444228","0.0066179053348369","0.00060176548322239","4.04032363121587e-12","0.385839280067604","0.363593635801527","0.01","0.1","","","","3.00161638005617","","","","","","","","",""
"16433","IPB51222SMoMDifferenceL0","WPSFD49207MoMPercentChangeL0",NA,"0",NA,"0.399074462868016","0.00054924292285641","256.786868695738","0.00788646987565778","0.391841160683427","0.293743334339975","0.0201781049520977","0.0245821592952304","0.223865304029056","0.201037812971087",NA,"424.880507814834","431.625993540982","0.000181076188612406","70","No gap","1.00307009079646","0.138196672510237","0.940384164423888","0.0596158355761122","0.00265951487335493","7.26865781995344e-05","0.00178130310712945","1.88711117564688e-05","0.00018522714976493","0.27059613929391","0.01","0.1","","","","4.05511877439573","","","","","","","","",""
"13983","IPDMATMoMPercentChangeL0","WPSID61MoMDifferenceL0",NA,"0",NA,"-126.290447922123","0.0024672446115784","1.4198230212363","0.00122145392802751","-0.340558419635814","0.365701474201785","0.0467004088671149","0.00271029380650744","0.223423059369589","0.200582561115754",NA,"424.920382735933","431.665868462081","0.000184617421710498","70","No gap","1.00781188909283","0.212402792210364","0.893809847590885","0.106190152409115","0.0295409826096295","0.261065895808524","0.000140324134983311","1.53987933515509e-13","0.032527614281909","0.225672479845442","0.01","0.1","","","","3.56315919977966","","","","","","","","",""
"16431","IPB51222SMoMDifferenceL0","WPSFD49207MoMDifferenceL0",NA,"0",NA,"0.399164120634923","0.000551435462931252","1.29437189772981","0.00820938874022342","0.391929193385887","0.292354958671437","0.0201668673947427","0.026008109521354","0.223038749676882","0.20018694819679",NA,"424.955015523456","431.700501249604","0.000187749256903569","70","No gap","1.00313348709204","0.138149273419233","0.940377578486212","0.0596224215137879","0.00243536265042855","6.80191841349997e-05","0.0017901877728426","1.9143210134076e-05","0.000190723136482525","0.267043667455195","0.01","0.1","","","","4.10767402516895","","","","","","","","",""
