Date,USGG2YR Index,USGG10YR Index,USGG30YR Index,VIX Index,MOVE Index,AAIIBULL Index,AAIIBEAR Index,SPX Index,SPX Index,.TED G Index,.BAA10YB Index,RPI,W875RX1,DPCERA3M086SBEA,CMRMTSPL,INDPRO,IPFPNSS,IPFINAL,IPCONGD,IPDCONGD,IPNCONGD,IPBUSEQ,IPMAT,IPDMAT,IPNMAT,IPMANSICS,IPB51222S,IPFUELS,CUMFNS,CLF16OV,CE16OV,UNRATE,UEMPMEAN,UEMPLT5,UEMP5TO14,UEMP15OV,UEMP15T26,UEMP27OV,PAYEMS,USGOOD,CES1021000001,USCONS,MANEMP,DMANEMP,SRVPRD,USWTRADE,USTRADE,USFIRE,USGOVT,CES0600000007,AWOTMAN,AWHMAN,HOUST,HOUSTNE,HOUSTMW,HOUSTS,HOUSTW,ISRATIO,M1SL,M2SL,M2REAL,AMBSL,BUSLOANS,REALLN,WPSFD49207,WPSFD49502,WPSID61,WPSID62,MZMSL,DTCOLNVHFNM,DTCTHFNM,INVEST,ism_man_empl,ism_man_neworders,ism_man_pmi,ism_man_prices
11/1/2018,2.8445,3.1303,3.376,19.34,58.5415,37.93,34.48,45.61,44.67,26.6836,145.9661,16369.6,13590.5,118.866,1497100,104.461,103.695,104.05,106.182,121.6,102.86,114.882,107.788,103.739,104.902,112.635,108.168,110.53,76.1705,156795,156562,3.7,21.7,2126,1813,2092,839,1253,149893,20869,703.8,7312,12807,8016,129024,6026.3,15910.7,8622,22378,41.1,4.5,41.9,1256,124,156,687,289,1.35,3716.3,14317.6,5661.9,3492.82,2276.93,4397.94,204.5,216.8,202.9,192.9,15630.8,310355,730539,3443.52,57.7,61.8,58.8,60.7
1/1/2019,2.4878,2.6842,3.0145,25.42,66.5828,31.55,50.3,41.71,40.89,45.2702,191.5791,16369.6,13590.5,118.866,1497100,109.445,104.513,103.405,105.552,119.252,102.08,102.218,114.933,108.036,104.597,105.229,104.871,114.628,75.797,163229,156694,4,20.5,2325,2013,2153,902,1252,150574,21046,712.3,7464,12822,8059,129528,5904.4,15835.7,8631,22506,41.7,4.5,42,1230,124,156,687,289,1.35,3737.2,14467.2,5725.7,3342.85,2342.56,4425.67,202.6,213.4,198.3,194.4,15780.4,310355,730539,3548.35,55.5,58.2,56.6,49.6
2/1/2019,2.5019,2.6842,3.0253,16.14,48.7887,31.76,31.76,63.93,54.5,34.6637,162.5793,16369.6,13590.5,118.866,1497100,109.445,104.513,103.405,105.552,118.772,102.08,102.218,114.933,108.036,104.597,105.229,104.871,114.628,75.797,163229,156694,4,20.5,2325,2013,2214,902,1252,150574,21046,708.3,7464,12822,8059,129528,5904.4,15835.7,8631,22483,41.7,4.4,42,1162,124,156,663,289,1.35,3737.2,14467.2,5725.7,3342.85,2345.37,4425.67,203.1,214.1,199,185.4,15780.4,310355,730539,3548.35,52.3,55.5,54.2,49.4
3/1/2019,2.5526,2.7531,3.1226,13.57,47.9044,41.63,20,69.35,59.73,16.8921,155.6899,16369.6,13590.5,118.866,1497100,109.445,104.513,103.405,105.552,120.1304,102.08,102.218,114.933,108.036,104.597,105.229,104.871,114.628,75.797,163229,156694,4,20.5,2325,2013,2256,902,1252,150574,21046,709.9,7464,12822,8059,129528,5904.4,15835.7,8631,22519,41.7,4.3,42,1139,124,156,604,289,1.35,3737.2,14467.2,5725.7,3342.85,2347.23,4425.67,205.9,218.8,200.5,189.7,15780.4,310355,730539,3548.35,57.5,57.4,55.3,54.3
4/1/2019,2.3326,2.5009,2.8901,13.4,52.6899,33.2,27.2,65.61,60.78,21.7352,152.9091,16369.6,13590.5,118.866,1497100,109.445,104.513,103.405,105.552,120.1304,102.08,102.218,114.933,108.036,104.597,105.229,104.871,114.628,75.797,163229,156694,4,20.5,2325,2013,2084,902,1252,150574,21046,708,7464,12822,8059,129528,5904.4,15835.7,8631,22547,41.7,4.3,42,1139,124,156,604,289,1.35,3737.2,14467.2,5725.7,3342.85,2347.23,4425.67,206.7,219.2,200.3,194.8,15780.4,310355,730539,3548.35,52.4,51.7,52.8,50
10/1/2018,2.8189,3.0836,3.2343,12,44.2847,36.22,31.1,62.53,60.85,20.4454,127.6388,16342.5,13559.8,118.424,1497100,109.065,104.795,104.05,106.595,121.435,102.844,102.916,113.748,107.907,104.049,105.378,108.235,110.53,76.1705,162637,156562,3.7,22.5,2057,1821,2229,856,1373,149750,20859,708.6,7318,12785,8005,128891,6017.2,15896.4,8609,22397,41.3,4.5,42.1,1228,87,210,596,335,1.35,3738.4,14271.5,5644.8,3560.51,2236.67,4398.31,206.2,219.3,204.3,203.6,15603.2,308813,730996,3416.8,56.5,58,57.5,71.6
8/1/2018,2.6776,3.0064,3.1321,13.15,48.3833,31.52,26.9,56.6,56.31,33.0651,130.3604,16299,13534.8,117.686,1499390,108.232,104.108,103.253,106.126,121.619,102.216,101.293,112.738,106.971,103.586,104.608,108.508,109.257,75.7972,161776,155542,3.9,22.6,2208,1720,2255,923,1332,149279,20722,697.3,7259,12717,7950,128557,6007.1,15913.5,8588,22340,41.6,4.6,42.2,1282,99,191,674,318,1.34,3702.8,14217,5645.1,3603.62,2217.37,4362.44,204.9,217.6,202.6,193.3,15582.8,306414,730080,3424.48,58.5,65.1,60.8,72.1
6/1/2018,2.4716,2.9022,3.0506,13.46,56.9385,35.02,26.35,56.92,53.74,41.3231,134.7817,16246.7,13500.6,117.075,1488050,107.714,103.984,102.995,106.141,120.221,102.577,99.8425,111.74,106.221,101.975,103.885,111.545,109.171,75.4568,162140,155576,4,21.2,2227,1882,2314,836,1478,148912,20672,688.6,7222,12713,7950,128240,5960.8,15931.5,8576,22341,41.5,4.5,42,1173,96,156,601,320,1.33,3658,14112.3,5625.6,3676.75,2209.53,4346.71,204.4,217.4,202.7,199.8,15522,302536,727080,3412.11,56,63.5,60,76.8
5/1/2018,2.5042,2.9644,3.1287,15.49,51.7834,36.91,25.55,47.99,48.22,52.2875,128.5634,14817.7,12256.9,123.19,1486910,107.301,103.561,102.296,105.609,117.41,102.602,98.6481,111.341,105.832,102.024,103.528,109.808,107.837,75.2882,161539,155474,3.8,21.3,2034,1945,2166,977,1189,148662,20616,684.8,7210,12673,7917,128046,5954.8,15970.3,8559,22326,41.7,4.6,42.2,1350,102,266,653,329,1.34,3652,14024.7,5597.9,3695.4,2165.21,4331.81,204.3,217.5,201.2,201.8,15427.9,303422,728728,3375.62,56.3,63.7,58.7,79.5
3/1/2018,2.2117,2.8078,3.0834,22.47,63.6636,41.63,20,43.55,47.73,41.3717,114.218,14774.1,12221.2,122.819,1290760,107.166,103.974,102.937,106.361,122.046,102.4,99.9333,110.537,106.669,101.96,104.188,109.771,107.295,75.942,161763,155178,4.1,24.1,2287,2009,2202,880,1322,148230,20504,671.9,7150,12632,7888,127726,5967.3,15915.9,8546,22326,41.5,4.6,42.2,1319,132,180,621,386,1.34,3664.3,13918.1,5579.2,3833.19,2138.46,4326.88,202.5,215.2,197.3,195,15342.4,301511,726412,3392.27,57.3,61.9,59.3,78.1
2/1/2018,2.1609,2.7896,3.0241,13.47,57.8349,44.77,28.76,63.87,68.43,30.8939,96.0369,14751.8,12210.2,122.415,1281760,108.219,104.697,103.969,107.104,123.878,102.877,103.887,111.951,109.155,102.894,105.9,104.05,104.256,76.9056,161921,155215,4.1,22.9,2508,1906,2330,934,1397,148177,20500,662.8,7173,12614,7875,127677,5956.2,15926.2,8547,22358,41.5,4.7,42.2,1236,109,155,633,339,1.35,3614,13858.3,5551.8,3890.89,2132.54,4293.02,202.1,214.8,197.9,204.8,15276.1,303018,731942,3417.39,59.7,64.2,60.7,74.2
1/1/2018,1.883,2.4054,2.7399,11.04,46.5962,52.65,20.63,60.95,64.52,31.855,113.4567,14714.2,12160,122.365,1280790,107.243,104.301,103.815,106.969,121.732,103.222,104.374,110.261,107.118,102.182,104.787,114.129,107.385,76.1769,161115,154430,4.1,24.1,2280,1943,2402,981,1421,147810,20358,652.5,7099,12555,7828,127452,5953.2,15876.8,8518,22328,41.1,4.5,41.7,1326,128,150,655,393,1.34,3648,13838.3,5552.1,3824.7,2126.94,4280.79,202.7,215.6,196.5,199.2,15256.9,302531,733758,3446.89,54.2,65.4,59.1,72.7
3/1/2017,1.2842,2.4526,3.0608,12.54,70.1326,38.46,32.31,81.69,73.03,47.3353,120.7372,14707.2,12154.6,118.774,1261130,104.1,102.036,100.77,104.572,119.006,100.908,99.4713,106.044,105.172,100.74,102.936,99.7826,110.136,75.3085,160201,153000,4.5,25.3,2334,2109,2802,1115,1687,145858,19969,644,6882,12392,7737,125889,5902.3,15855.7,8409,22318,41.1,4.2,41.8,1215,131,155,645,284,1.35,3436.5,13390.6,5493.5,3887.18,2084.58,4145.97,196.6,207.4,188.7,186.4,14744.4,340752,897405,3351.47,58.9,64.5,56.6,70.5
5/1/2017,1.2739,2.318,3.0023,10.11,59.3993,38.05,31.71,62.05,59.52,36.9843,128.2042,14704.7,12150.6,119.682,1250210,105.028,102.682,101.678,105.4,120.186,101.647,100.259,107.327,105.611,100.563,103.315,100.762,110.025,75.5152,159784,152923,4.3,24.7,2154,1960,2820,1157,1663,146135,19985,655.3,6881,12398,7736,126150,5906.5,15836.2,8428,22304,41.2,4.2,41.8,1092,87,168,526,311,1.38,3504.2,13495.5,5534.4,3796.43,2097.42,4174.26,196.4,207.2,189.9,186.9,14892.7,339553,896687,3370.99,53.5,59.5,55.5,60.5
12/1/2017,1.772,2.3615,2.7615,11.43,50.1704,35.95,31.62,73.11,69.03,23.6179,118.8455,14683.9,12153.6,122.59,1295210,107.464,104.259,103.526,106.686,121.336,102.966,103.897,110.806,107.851,103.155,105.012,112.891,105.316,76.4441,160597,154021,4.1,23.6,2235,1994,2397,882,1515,147380,20259,675.8,6993,12539,7838,127121,5959.2,15814.5,8498,22341,41.3,4.4,41.9,1192,88,178,582,344,1.33,3614.6,13844.5,5583.3,3823.2,2123.73,4272.71,201.2,213.4,195.2,197,15276.7,302868,721648,3451.51,58.1,67.4,59.3,68.3
11/1/2017,1.6119,2.3721,2.8579,10.2,49.9351,39.64,33.03,67.25,65.57,22.5656,107.7877,14650.7,12118.6,122.009,1288760,106.397,103.732,102.981,105.947,120.813,102.177,104.004,109.078,107.604,102.407,104.84,102.698,107.15,76.3608,160529,153918,4.1,25.4,2250,1878,2508,927,1581,147241,20199,679.7,6955,12514,7818,127042,5948.1,15845,8492,22341,41.3,4.4,42,1297,87,175,691,344,1.33,3617.7,13785.4,5567.8,3925.22,2119.37,4266.05,201.8,214.3,194.2,193,15183.5,303277,727277,3408.27,59.2,63.9,58.2,64.8
2/1/2017,1.2125,2.4699,3.0753,11.81,70.8378,31.58,33.49,55.67,58.23,53.2056,124.0127,14644.8,12105.1,118.576,1258830,104.736,102.548,101.246,103.469,122.472,98.4916,103.351,106.959,107.347,102.829,104.534,90.2563,111.083,75.6121,160056,152528,4.7,25.1,2566,2138,2858,1057,1801,145798,19943,628.8,6881,12382,7725,125855,5904.2,15894.9,8403,22324,41.3,4.3,42,1288,119,187,659,323,1.35,3374,13313.1,5446,3781.21,2096.03,4134.66,197,208.2,188.5,194.6,14671.4,339659,898073,3346.25,54.2,65.1,57.6,68
9/1/2017,1.342,2.1657,2.777,10.13,49.4378,25,39.89,60.13,56.88,31.6347,123.4318,14623.9,12096.5,121.559,1272310,104.637,102.542,101.633,105.086,118.89,101.572,100.825,106.624,106.076,96.7783,103.026,100.348,102.558,75.1207,161146,154345,4.2,26.8,2226,1874,2696,963,1733,146659,20079,672.2,6911,12447,7775,126580,5932.8,15809,8473,22337,41.1,4.4,41.8,1127,99,154,527,347,1.36,3553.1,13692.4,5557.6,3885.51,2125.34,4231.77,198.8,210.3,191.3,187,15126.6,303182,739346,3393.88,60.3,64.6,60.2,71.5
8/1/2017,1.3411,2.2532,2.8567,10.09,49.9721,34.46,24.32,64.39,61.38,24.3112,113.6785,14622.9,12087.9,120.752,1265120,104.739,102.241,101.399,104.802,117.828,101.475,100.48,107.223,105.833,100.417,103.285,98.4306,106.557,75.349,160571,153439,4.4,24.4,2222,2015,2795,1055,1740,146730,20117,670.4,6918,12480,7803,126613,5932.4,15828.9,8464,22298,41.4,4.4,42.1,1180,105,200,563,312,1.38,3560.1,13647,5569.5,3928.63,2108.03,4219.56,197.3,208.2,190.3,187.7,15057.6,302105,739174,3384.16,59.9,60.3,59.3,62
12/1/2016,1.147,2.4481,3.1085,14.07,86.6292,43.78,25.1,57.93,55.71,47.4744,136.1894,14590.3,12074.8,118.538,1264480,104.571,102.21,101.038,103.87,122.697,98.9387,102.093,107.035,105.834,101.14,103.21,107.999,108.276,74.7957,159640,152111,4.7,26,2379,2156,3030,1199,1831,145303,19655,631.6,6699,12275,7678,125648,5952.6,16017.5,8349,22223,41,4.3,41.8,1226,96,227,572,331,1.35,3320.7,13246.9,5450.7,3509.76,2099.67,4116.48,195.3,205.7,185.8,187.6,14630.5,342428,903001,3328.48,52.8,60.3,54.5,65.5
6/1/2017,1.2898,2.2114,2.8626,9.89,53.9973,26.92,31.54,66.98,62.33,24.7479,126.8551,14586,12049.7,120.34,1257070,105.16,102.496,101.467,105.1,120.481,101.205,100.062,107.849,105.903,100.751,103.266,101.139,108.069,75.4153,160145,153168,4.4,24.7,2305,1933,2612,948,1664,146404,20007,664.2,6896,12396,7747,126397,5921.5,15845,8449,22353,41.3,4.3,41.9,1215,158,205,533,319,1.38,3497.6,13519.3,5545.5,3796.59,2103.46,4189.02,196.8,207.5,189.6,189.7,14908.6,339495,901478,3372.97,57.2,63.5,56.7,55
11/1/2016,0.8311,1.8274,2.5774,18.56,67.764,24.75,34.07,35.73,43.65,52.988,150.2646,14563.4,12051.5,118.169,1242750,103.859,101.774,100.559,103.371,120.888,98.7889,101.755,105.945,105.371,101.383,103.178,97.5863,110.21,74.8269,159486,152085,4.6,26.3,2421,2136,2933,1077,1856,145128,19646,633.1,6704,12260,7656,125482,5949.5,15976.8,8335,22245,41.2,4.4,41.8,1090,80,175,567,268,1.38,3353,13222.9,5456.2,3648.64,2101.14,4107.91,193.7,203.7,184.9,173.2,14598.2,343662,905196,3334.39,52.5,54.8,53.5,54.5
7/1/2016,0.5893,1.4441,2.2253,14.77,74.3476,28.91,33.42,55.5,54.11,39.9726,187.5864,14480,11967.6,117.449,1225270,104.914,102.585,101.589,104.399,120.323,100.245,103.537,107.334,106.24,100.953,103.63,108.299,110.011,75.3593,159287,151517,4.9,28.1,2160,2266,3170,1150,2020,144448,19639,632.1,6652,12305,7697,124809,5922,15960,8299,22176,41.4,4.3,42,1211,134,175,613,289,1.39,3242.8,12893.3,5375.4,3788.44,2064.14,4025.72,191.9,201.3,183.1,176.9,14333.9,335409,898539,3252.73,49.4,56.9,52.3,55
9/1/2016,0.7816,1.5681,2.2299,13.48,70.2452,28.6,31.52,50.01,55.08,51.0966,164.1948,14477.6,11966.8,117.37,1237440,104.226,102.136,101.056,104.272,121.499,99.768,101.935,106.317,105.277,100.865,103.094,106.438,110.019,74.8707,159907,151968,5,27.5,2574,2234,3131,1157,1974,144747,19612,632.3,6669,12262,7657,125135,5938.4,15997.6,8319,22181,41.1,4.2,41.7,1047,87,146,532,282,1.38,3317.9,13070.6,5423.4,3749.49,2076.68,4079.54,192.9,202.6,183.8,174.2,14505.7,345358,908667,3306.5,49.7,55.1,51.7,53
8/1/2016,0.6848,1.5214,2.2695,12.44,63.6696,31.25,28.41,62.74,59.43,50.5476,171.8562,14477.3,11962.7,117.281,1230580,104.402,102.073,101.048,104.124,119.717,100.057,102.473,106.824,105.401,100.695,102.952,108.737,109.529,74.8174,159463,151614,4.9,27.6,2290,2329,3062,1056,2006,144598,19600,629.6,6640,12281,7669,124998,5926.3,15968,8317,22213,41,4.3,41.8,1142,141,171,543,287,1.39,3314.1,13005.8,5412.2,3842.41,2057.64,4046.78,191.4,200.6,182.9,171.9,14466.4,340862,903721,3271.5,48.3,49.1,49.4,53
4/1/2016,0.7224,1.7705,2.5997,13.1,66.997,27.18,25.76,70.36,59.96,40.5314,201.9494,14380.9,11888.4,116.46,1239300,104.147,102.276,101.034,103.979,119.005,100.064,102.459,105.939,105.022,101.952,103.39,102.964,111.001,75.2945,158924,151004,5,27.7,2545,2131,3367,1304,2063,143915,19679,661.6,6670,12297,7710,124236,5928.5,15915.2,8249,22077,41.2,4.4,41.9,1172,134,187,616,235,1.4,3184.8,12652.2,5296.2,3912.37,2047.49,3950.62,190.2,199,179.5,170.6,14064.7,335154,895019,3165.49,49.2,55.8,50.7,59
6/1/2016,0.8988,1.8354,2.6164,14.2,68.7501,17.75,29.39,61.2,57.26,39.2133,182.4573,14356,11849.7,116.932,1223770,104.134,101.98,101.054,103.854,119.671,99.7271,102.864,106.314,105.207,100.98,103.162,103.989,110.277,75.0662,158880,151097,4.9,27.7,2418,2140,3108,1129,1979,144175,19631,641.2,6643,12296,7689,124544,5924.9,15952.4,8280,22119,41.1,4.2,41.7,1189,117,184,571,317,1.39,3242.4,12807.6,5338.1,3845.7,2056.93,3998.1,192.8,202.4,182.7,177.6,14248.2,335119,897803,3210.76,50.4,57,52.8,60.5
3/1/2016,0.8391,1.8249,2.6978,17.7,84.2161,31.19,31.42,60.26,52.6,30.6,245.5117,14314.9,11821.5,115.742,1236360,103.376,101.289,99.9967,102.857,117.837,98.9538,101.158,105.471,105.276,101.769,103.121,92.9726,112.196,75.1477,159286,151320,5,28.4,2412,2205,3391,1178,2213,143774,19683,668,6672,12291,7701,124091,5920.2,15942.1,8227,22082,40.9,4.3,41.7,1089,121,150,555,263,1.41,3145.4,12567.2,5282.1,3926.92,2023.14,3932.53,189.8,198.4,179,166.2,13974.1,335904,896561,3137.91,48.1,58.3,51.7,51.5
2/1/2016,0.7975,1.9486,2.7618,19.98,73.4583,29.75,39.96,49.2,46.18,31.8472,245.1448,14293.6,11802.3,115.545,1233760,106.328,104.82,103.933,106.411,123.497,102.211,105.484,107.892,106.935,104.276,106.376,94.6299,115.505,76.1041,158890,151074,4.9,29,2297,2236,3297,1132,2165,143560,19692,682,6631,12327,7735,123868,5911.7,15877.8,8212,22042,41.3,4.3,41.9,1178,73,181,615,309,1.41,3101.9,12472.6,5247,3909.06,2006.13,3913.26,189.4,197.9,179.3,162.2,13821.3,338455,896041,3127.41,48.5,51.5,49.7,38.5
1/1/2016,1.0477,2.2694,3.0158,18.21,67.8473,25.07,23.62,47.57,49.3,44.997,202.0596,14270.6,11793,115.64,1233260,106.848,104.927,104.009,106.741,122.25,102.931,104.683,108.962,107.545,104.299,106.227,99.8456,110.933,76.0713,158335,150544,4.9,28.9,2249,2282,3224,1135,2089,143288,19728,706.8,6615,12356,7751,123560,5911.2,15811.1,8210,22032,41.3,4.3,41.8,1099,156,136,560,247,1.4,3091.9,12418.3,5216.8,3779.88,1984.39,3887.87,190.6,199.6,180.6,165.6,13751.2,339756,900502,3121.86,45.9,51.5,48.2,33.5
12/1/2015,0.9067,2.1431,2.9019,14.67,70.9762,32.36,26.03,60.91,56.7,22.3851,193.6903,14260.3,11782.3,115.21,1229800,106.022,104.217,103.359,105.369,122.021,101.275,105.384,107.981,107.395,103.308,105.993,92.1121,110.659,75.9709,157833,149929,5,27.6,2405,2192,3320,1235,2085,143242,19651,730.2,6538,12331,7766,123591,5940.9,15771.3,8196,22001,41.3,4.1,41.7,1149,163,148,583,255,1.39,3076.3,12330,5184,3816.11,1977.03,3864.25,191.3,200.7,182.7,167.2,13747.1,340475,904679,3097.47,48,48.8,48,33.5
10/1/2015,0.6447,2.0368,2.8499,22.55,81.5384,28.11,39.92,43.61,43.16,34.9415,202.3242,14190.4,11737.5,114.683,1228420,107.212,105.264,104.973,107.071,121.426,103.549,107.102,109.357,107.626,103.535,106.301,103.54,112.162,76.3588,157028,149120,5,28,2326,2311,3360,1218,2142,142654,19554,750.6,6434,12317,7785,123100,5930.4,15749.7,8161,21988,41.4,4.3,41.8,1060,140,161,506,253,1.38,3035.5,12200.4,5125.3,4098.85,1929.03,3807.45,192.6,202.6,185.7,181.6,13634,343664,906420,3040.99,47.7,50.8,49.4,39
9/1/2015,0.704,2.1524,2.915,31.4,88.6754,32.5,38.27,34.13,37.53,29.8413,192.7564,14063.1,11618.2,114.736,1229880,107.092,104.875,104.722,106.467,119.817,103.193,107.341,109.602,107.276,102.44,105.544,105.665,112.072,75.8993,156715,148800,5.1,26.3,2363,2218,3318,1214,2104,142371,19523,757.2,6396,12318,7788,122848,5916.4,15724.1,8154,22029,40.8,4.1,41.6,1206,137,137,621,311,1.38,3051.4,12196.2,5133.8,4049.3,1912.91,3784.52,193.2,203.3,186.4,181.6,13591.9,343483,905059,3017.93,50.5,50.1,50.2,38
5/1/2015,0.595,2.1135,2.8273,12.7,78.8811,30.84,21.95,54.18,53.52,27.9739,143.6476,14039,11616,114.521,1208840,105.102,98.6669,100.874,98.9567,108.027,96.8769,109.257,113.247,116.323,91.0064,101.309,102.387,115.27,76.9723,157469,148795,5.5,30.7,2418,2532,3795,1293,2502,141679,19567,791.2,6387,12335,7807,122112,5905.4,15632.1,8111,21941,41.1,4.2,41.8,1036,139,149,495,253,1.36,2986.8,11937.1,5036.3,3958.61,1870.69,3713.66,195.2,206.3,189.2,199.7,13262.7,332599,885141,3026.74,51.7,55.8,52.8,49.5
4/1/2015,0.5355,1.8573,2.4651,15.11,85.6212,38.43,24.38,45.4,48.97,25.5541,148.2733,14000.8,11571.1,113.652,1219000,105.179,98.7748,101.012,99.0333,106.633,97.3431,108.676,113.286,115.458,91.9049,101.459,99.079,117.879,77.1901,157072,148523,5.4,30.8,2729,2307,3663,1139,2525,141367,19570,810.9,6383,12322,7800,121797,5903.6,15592.4,8093,21907,41.2,4.3,41.8,1135,184,170,503,278,1.36,2993.8,11894.9,5040.7,4088.79,1856.14,3704.63,192.4,202.5,187.4,193.3,13199.3,330285,882369,2995.03,48.3,53.5,51.5,40.5
7/1/2015,0.6882,2.4219,3.2015,16.09,90.2884,35.56,21.67,43.14,46.91,26.8349,150.8099,13985.2,11550.7,113.863,1210720,107.477,104.592,104.27,106.15,123.49,101.881,106.517,110.886,108.404,103.26,105.743,102.999,113.144,76.2086,157106,148840,5.3,28.3,2488,2257,3368,1188,2180,142071,19569,781.5,6383,12350,7790,122502,5918.8,15703.6,8140,21923,41.1,4.3,41.8,1206,161,179,589,277,1.36,3035.6,12059.1,5064.7,3989.3,1897.45,3759.49,196.8,208.4,190.3,196.1,13436.7,335643,892337,3018.69,52.7,56.5,52.7,44
6/1/2015,0.6447,2.1794,2.9338,13.97,83.5495,27,25.14,50.5,52.11,28.2489,152.0649,13940.7,11511,113.5,1208160,105.707,99.0082,101.213,99.1753,106.888,97.4551,110.061,114.173,116.401,91.9608,101.704,102.118,117.388,77.1695,157037,148739,5.3,28.1,2355,2364,3514,1393,2121,141842,19561,788.7,6380,12338,7806,122281,5904.8,15657.5,8127,21910,41.3,4.4,41.8,1174,206,145,571,252,1.37,3007.9,11982.4,5039.2,3950.9,1889.25,3741.38,197,208.8,190.6,202,13324.7,330587,884236,3028.56,55.5,56,53.5,49.5
1/1/2015,0.6645,2.1712,2.7518,19.2,68.9385,51.74,19.31,51.9,54.3,22.0111,141.8797,13909.9,11509.9,113.371,1210470,106.188,99.4056,101.726,98.567,105.064,97.1669,109.891,114.758,118.777,92.2381,102.147,97.5346,114.649,78.0542,157180,148201,5.7,32.3,2383,2318,4180,1380,2800,140849,19556,858.7,6314,12330,7807,121293,5885.2,15550.6,8077,21891,41.4,4.4,42.1,1065,111,140,528,286,1.35,2924,11700.3,4986,4019.74,1801.32,3640.23,192.8,203.4,190.8,202.7,12977.2,327761,880829,2954.06,54.1,52.9,53.5,35
12/1/2014,0.4961,2.235,2.9628,14.29,67.2825,52.15,20.79,61.69,59.38,22.4461,125.5017,13768,11399.9,113.048,1206100,106.511,99.7435,102.09,98.5343,105.8,96.9294,110.332,115.066,118.738,92.7386,102.498,93.4389,115.391,78.4262,156129,147442,5.6,32.8,2375,2293,4059,1274,2785,140347,19336,875.3,6166,12239,7757,121011,5907.5,15511.3,8022,21945,41.7,4.6,42.2,1089,126,163,508,292,1.33,2897.4,11632,4925.7,3898.46,1783.84,3626.75,197,209.4,196.2,223.8,12919.9,325760,880987,2929.42,56.8,57.3,55.1,38.5
9/1/2014,0.4882,2.3431,3.0792,11.98,60.4894,51.92,19.23,66.34,60.33,21.3321,88.692,13643.9,11290.6,111.339,1188300,105.073,98.3262,100.573,96.9953,103.186,95.6726,108.194,113.597,116.908,90.5226,100.478,99.4198,112.621,77.2977,155862,146600,5.9,31.5,2383,2508,4371,1416,2954,139435,19161,872.2,6079,12154,7696,120274,5879.7,15409.9,7985,21911,41.5,4.5,42.1,1017,120,176,491,230,1.3,2855.4,11474.1,4828.5,4071.96,1732.61,3612.19,201.4,215.9,203,245.9,12691.8,325526,870346,2856.63,54.6,60,56.1,59.5
8/1/2014,0.4723,2.4925,3.2807,17.03,52.2603,31.12,31.12,34.29,46.4,21.7821,83.7462,13623.9,11283.8,111.544,1184860,104.115,97.8038,100.187,96.6695,102.631,95.4085,108.16,112.106,116.185,90.0026,100.161,92.45,113.308,77.1938,155959,146368,6.1,31.7,2609,2449,4450,1486,2963,139118,19144,862.5,6068,12158,7694,119974,5884.9,15366.4,7963,21897,41.5,4.5,42,956,121,157,474,204,1.29,2816.6,11453.4,4823.9,4096.94,1748.34,3613.86,201.5,216.1,203.4,245.7,12667.3,323624,867764,2834.38,58.1,66.7,58.1,58
10/1/2014,0.5158,2.3856,3.0919,16.71,64.2874,41.84,28.23,36.81,45.03,22.2461,104.4438,13612.5,11267.9,111.799,1194580,104.857,98.0796,100.294,96.7353,102.052,95.6475,108.166,113.417,116.981,91.0438,100.586,100.366,112.725,77.2405,156278,147283,5.8,32.7,2473,2312,4332,1417,2916,139680,19204,872.7,6095,12181,7716,120476,5894.7,15436.5,7988,21914,41.7,4.4,42.1,1009,97,145,546,221,1.3,2853.3,11510.5,4844,4041.24,1742.2,3613.93,200.9,215,201,237.7,12758.2,326076,870159,2864.29,55.5,65.8,57.9,53.5
7/1/2014,0.4645,2.5647,3.3983,11.15,58.2541,37.22,21.09,69.54,63.84,21.1521,74.5304,13562.9,11242.7,110.763,1188430,104.388,98.251,100.906,97.6351,107.182,95.4093,108.07,112.166,117.279,90.1081,100.717,92.0815,114.846,77.7636,156023,146352,6.2,32.4,2587,2431,4566,1412,3155,139004,19117,860.8,6041,12160,7695,119887,5876.4,15386.4,7951,21922,41.6,4.4,42,1093,144,164,511,274,1.29,2856.5,11423.1,4801.5,4008.86,1731.14,3605.87,201.9,216.7,203.6,253.4,12641.7,320433,865160,2837.17,58.2,63.4,56.4,59.5
5/1/2014,0.4065,2.6133,3.4132,13.25,58.8385,29.77,29.45,57.26,55.25,20.2571,75.6694,13424.7,11096.9,110.619,1174500,103.659,97.6826,100.227,97.1531,101.657,96.2925,106.966,111.235,114.119,90.8664,99.5222,101.142,114.854,76.9718,155613,145814,6.3,34.5,2559,2390,4814,1441,3374,138463,19009,851.8,6004,12099,7636,119454,5863.7,15319.1,7919,21869,41.5,4.6,42.1,1001,95,172,529,205,1.29,2790.2,11287.3,4760.9,3932.28,1699.01,3571.57,201.1,215.7,203.1,260.7,12508.1,318216,857487,2793.21,52.8,56.9,55.6,60
4/1/2014,0.4301,2.7525,3.6059,13.1,61.526,31.16,28.61,61.22,58.23,19.2611,81.748,13402.6,11076.8,110.706,1166340,102.743,97.2668,99.8138,96.9493,100.959,96.2224,105.641,109.703,112.057,89.837,98.6068,101.01,112.747,76.4343,155421,145669,6.3,35.1,2447,2359,4985,1533,3452,138252,19006,851.7,6000,12100,7624,119246,5849.9,15293.9,7916,21869,41.4,4.4,41.9,1072,139,216,486,231,1.29,2777.7,11215.4,4747.2,3964.97,1686.85,3564.04,200.8,215.4,202.9,263.6,12428.5,316280,854489,2767.73,54.7,55.1,55.3,56.5
11/1/2013,0.3091,2.6218,3.6961,13.28,69.5623,44.97,21.48,64.06,60.8,20.2261,111.8185,13312,11019.5,110.416,1165290,101.282,96.3274,98.3367,95.7339,100.08,94.8991,103.551,107.885,109.007,90.1449,97.5546,104.335,109.815,76.3893,155294,144386,7,37.2,2461,2597,5833,1766,4066,136765,18749,829.6,5851,12014,7560,118016,5789.6,15320.5,7905,21857,41.5,4.5,42,1091,84,214,558,235,1.29,2610.8,10932.8,4674.7,3702.04,1592.7,3508.71,197.2,210.6,199.9,238.5,12186.3,312386,850926,2684.61,55.4,63.4,57,52.5
1/1/2014,0.3799,3.0282,3.9679,13.72,73.546,55.06,18.54,71.26,65.08,18.0186,76.1838,13302.3,10989.9,110.258,1147690,101.025,95.7929,98.1306,95.7886,97.7003,95.6246,102.853,107.684,108.314,89.4468,96.8485,110.884,109.055,75.5472,155460,145224,6.6,35.4,2434,2429,5336,1689,3646,137499,18887,836,5922,12075,7598,118612,5809.9,15259.5,7900,21813,41,4.3,41.7,880,136,50,457,237,1.32,2683.1,11011.8,4687.1,3733.51,1615.2,3516.52,199.4,213.5,202.3,248.3,12252.6,313632,852557,2720.46,52.3,51.2,51.3,60.5
10/1/2013,0.3287,2.65,3.7171,15.54,87.3693,36.05,30.61,54.22,54.6,23.0641,122.9987,13294.5,10990.9,109.845,1152070,99.9778,95.6632,97.379,94.1626,97.4498,93.6145,104.041,106.064,107.597,89.3688,97.2768,102.667,111.313,76.3078,154839,143568,7.3,36.1,2761,2656,5846,1782,4063,136554,18707,835.1,5834,11986,7542,117847,5784.1,15295.8,7910,21862,41.3,4.4,41.9,889,119,151,403,216,1.29,2634.9,10953,4684.3,3630.6,1591.25,3511.79,197.5,211.2,200.6,242.9,12194.2,313947,853412,2673.44,54.3,61.3,56.6,55.5
8/1/2013,0.3247,2.706,3.7542,12.94,91.3993,35.62,25,69.25,62.18,23.0111,115.401,13207.8,10919.5,109.168,1140350,99.3579,94.4717,96.9438,94.1493,97.2462,93.6547,102.787,105.721,106.924,89.634,96.6641,94.6095,108.197,76.0766,155486,144170,7.3,37,2563,2766,5984,1694,4290,136133,18638,826.2,5798,11963,7518,117495,5774.7,15242.6,7903,21831,41.3,4.4,41.9,891,101,147,439,204,1.29,2552.5,10770.8,4611,3419.55,1570.84,3517.95,197.1,210.8,200.7,246.9,11980.9,309686,847145,2675.83,55,63.6,56.3,54
7/1/2013,0.3514,2.4765,3.4775,16.37,101.318,30.28,35.17,49.35,51.2,26.2961,141.3453,13149.4,10873.3,108.9,1138000,98.9462,93.9329,96.7877,94.1066,95.4947,94.0866,102.476,105.014,105.41,88.7191,95.9756,95.7609,108.671,75.649,155798,144285,7.4,36.6,2563,2869,6034,1788,4246,136038,18643,824.7,5793,11975,7520,117395,5768.9,15191,7908,21852,41.1,4.2,41.7,896,115,158,401,222,1.28,2549.1,10710,4589.4,3310.29,1570.69,3532.1,196.4,209.9,200.6,251,11912.3,307647,843909,2699.4,55.5,59.1,54.9,49
5/1/2013,0.1996,1.629,2.8278,14.49,49.0404,28.29,38.82,55.16,56.62,22.2399,143.1,11808.5,9711.1,110.901,1152360,98.6709,94.2167,96.5202,93.8975,95.4019,93.8447,102.243,104.702,105.59,89.6059,96.0574,100.262,108.23,75.9284,155658,143898,7.6,36.9,2706,2669,6306,1950,4357,135637,18636,814.2,5804,11967,7508,117001,5748.9,15097.1,7872,21848,41.3,4.2,41.8,914,71,132,490,221,1.29,2534.7,10552.6,4556,3139.09,1548.43,3541.99,196.2,209.6,200.3,250.2,11719,304207,836559,2746.64,49,49.6,50,49.5
4/1/2013,0.2382,1.8314,3.0743,13.58,56.1681,38.4,28.65,59.65,60.47,23.697,142.8606,11740.7,9659.7,111.119,1044760,98.7439,94.3619,96.6294,94.2436,95.0373,94.3914,101.671,104.588,105.44,89.3806,95.7941,105.786,105.418,75.8231,155238,143579,7.5,36.5,2474,2848,6320,1967,4353,135474,18644,813.9,5790,11990,7519,116830,5740.7,15077.7,7867,21844,41.3,4.3,41.7,853,82,153,406,212,1.31,2523.2,10525.9,4553.7,3045.67,1549.49,3550.15,194.8,207.7,199.9,247.3,11691.3,302042,831104,2754.07,50.5,49.7,50,50
3/1/2013,0.2342,1.8412,3.0506,15.36,55,28.39,36.59,56.64,57.97,18.2687,140.8771,11677.3,9589.3,110.991,1037210,99.4765,94.7796,97.4389,95.1592,95.6474,95.3963,102.298,105.145,106.284,90.1474,96.0018,106.093,105.476,76.0896,155028,143286,7.6,37.1,2464,2838,6348,1737,4611,135195,18652,818.9,5802,11981,7512,116543,5732.7,15017,7844,21865,41.3,4.4,41.8,1036,98,149,560,229,1.29,2457,10446.4,4512.3,2973.3,1541.13,3541.41,196.2,209.8,201.3,247.5,11598.2,301029,829898,2716.89,52.1,51.7,51.5,54.5
11/1/2012,0.2814,1.7242,2.901,16.69,72,35.74,40.98,47.67,50.98,22.1479,150.5794,11643.2,9578.8,109.98,1041260,97.509,93.5308,96.5588,93.2747,94.1711,93.017,103.652,102.107,99.5074,89.6194,94.9248,101.715,104.066,75.6687,155291,143262,7.7,40,2577,2747,6605,1819,4786,133852,18301,782.8,5514,11954,7490,115551,5666.7,14908.4,7765,21962,41.1,4.1,41.6,861,73,158,458,172,1.28,2395.9,10269.5,4460.5,2665.09,1481.21,3543.1,195.7,209.2,200.6,246.3,11356.9,296807,829275,2691.08,48.8,51.4,49.5,52.5
2/1/2013,0.2618,2.0149,3.2178,12.9,65,48.04,24.3,71.68,64.47,22.9587,134.5082,11625.7,9547.8,110.74,1043520,99.4965,94.3838,98.9361,95.1209,97.626,94.3547,107.659,103.537,102.016,92.0578,95.9298,99.051,105.909,76.1368,155524,143492,7.7,36.9,2667,2782,6493,1695,4797,135046,18630,817.8,5784,11977,7506,116416,5736.7,15056.8,7844,21843,41.3,4.3,41.9,917,103,132,463,219,1.28,2471.2,10412.6,4484.9,2874.35,1529.09,3545.83,197.2,211.3,203.3,247,11568.1,299683,828163,2726.5,52.2,55.7,53.1,61.5
6/1/2012,0.2461,1.452,2.5194,26.66,80.6,28.02,42.02,28.47,37.12,40.1937,237.7982,11610.3,9568.9,108.785,1019920,97.4298,92.8063,96.6569,93.1188,94.356,92.7488,104.424,101.627,100.891,88.7538,94.0452,98.1751,104.242,75.6165,155163,142415,8.2,39.9,2810,2826,7182,1811,5370,133088,18314,792.9,5509,11962,7491,114774,5632,14747.2,7737,21943,41.1,4.3,41.7,760,77,101,363,219,1.29,2256.1,9943.7,4334.1,2644.75,1434.4,3517.1,192.2,204.3,198.9,224.4,10966.6,286914,814053,2606.7,55.8,51.3,51,37
8/1/2012,0.2271,1.524,2.5973,18.96,74.1,28.12,43.13,56.94,54.14,35.0329,205.6046,11575.3,9526.1,109.096,1023140,96.8202,92.4793,96.5599,92.7176,91.5589,93.1105,104.818,100.76,100.414,88.5555,93.9503,98.7718,103.638,75.2638,154645,142101,8.1,39.2,2844,2868,6878,1845,5033,133300,18323,789.1,5515,11970,7489,114977,5646.7,14751.3,7742,21900,40.9,4.1,41.5,750,76,134,364,176,1.28,2332.9,10058.2,4388.1,2669.41,1461,3519.27,194.8,208,199.9,242.3,11122.2,293266,820300,2646.28,52.9,49.6,51.1,54
1/1/2013,0.2468,1.7574,2.9499,18.02,59.4,44.4,30.22,53.06,52.12,26.5441,146.2602,11552.1,9468.5,110.296,1041300,98.6212,93.47,97.9846,94.1937,94.9856,93.9692,106.347,102.91,101.069,90.9333,95.3512,97.6269,105.587,75.784,155654,143322,7.9,35.3,2766,3028,6566,1858,4708,134825,18544,813.9,5731,11950,7494,116281,5729.9,15041.7,7837,21864,41,4.2,41.6,890,75,95,483,237,1.29,2459.8,10440.2,4524.1,2748.97,1518.04,3554.81,196.1,209.8,201.4,249.6,11587.4,299407,831338,2737.12,53.8,50.8,52.3,56.5
5/1/2012,0.2657,1.9435,3.146,16.6,67,27.64,37.4,57.83,56.89,37.9415,194.6473,11544.9,9501.7,108.899,1024550,97.2853,92.8085,96.5173,93.4028,93.8429,93.287,102.927,101.397,100.397,89.0498,93.7048,101.082,103.862,75.4887,155007,142287,8.2,39.7,2580,3002,7073,1662,5411,133009,18307,789.8,5516,11953,7479,114702,5622.6,14755.6,7724,21969,41,4.1,41.5,708,63,111,367,167,1.27,2238.1,9875.4,4317.2,2635.06,1420.6,3531.4,192.7,205.3,200.6,232.7,10903.2,284298,811811,2618.9,56,57.1,53.2,47.5
3/1/2011,0.6408,3.3921,4.4794,21.01,97.5,36.63,36.14,48.25,55.63,17.4607,112.7893,11533.7,9434.9,106.909,990068,93.5904,89.1506,95.4923,94.2168,90.0514,95.6973,95.4598,95.2377,89.5523,90.0274,89.8327,100.291,103.759,73.7543,153406,139864,8.8,39,2449,2914,8078,1957,6122,130738,17939,707.9,5514,11667,7227,112799,5520.1,14487.6,7610,22166,40.7,4.3,41.5,549,59,82,297,111,1.23,1890.2,8913.5,3989.4,2428.16,1241.3,3539.3,188.8,201.2,197.5,247.5,9849.3,275970,814946,2431,60.7,61.9,59.1,85
10/1/2012,0.2343,1.6249,2.8199,16.32,59.4,36.1,36.46,55.42,57.76,27.4123,173.507,11532.5,9480.7,109.409,1022080,96.5879,92.1254,95.6585,92.1045,90.7446,92.5617,103.096,101.077,98.0992,89.0413,93.7218,101.575,105.376,74.828,155641,143384,7.9,40.2,2632,2851,6839,1836,5002,133755,18330,774.8,5539,11966,7476,115425,5649.6,14832,7763,22011,41.1,4.1,41.5,894,72,159,431,232,1.29,2418.4,10221,4427.4,2648.76,1479.65,3532.26,197,211.2,202.4,244.3,11307.2,295890,825505,2674.1,53.1,51.8,51.2,55
3/1/2012,0.2893,2.0261,3.1476,17.26,77.4,44.51,26.83,70.03,63.81,40.8521,184.3931,11527.8,9494.4,108.621,1015160,96.5685,91.6253,95.9069,93.0854,92.7035,93.2324,100.773,100.641,100.278,90.7345,93.1981,88.0209,104.031,75.3769,154707,142034,8.2,39.4,2572,2754,7175,1867,5308,132821,18314,787.1,5551,11928,7455,114507,5594.4,14694,7721,21997,41.1,4.3,41.7,654,89,102,334,129,1.27,2220.7,9821.4,4274,2684.29,1394.2,3538.1,194,207.2,203.1,247.7,10817.3,280233,813331,2597.8,54.6,55.5,53,61
2/1/2011,0.6013,3.4394,4.6165,17.63,97.2,42.04,34.29,66.27,65.39,16.0388,115.0627,11510.8,9428.9,106.536,979185,95.485,88.7778,97.3984,95.7469,86.8472,98.7699,101.2,97.1459,92.7699,92.3565,89.2378,104.269,101.445,73.2545,153246,139573,8.9,37.1,2390,3094,8172,2179,5993,130515,17902,693.3,5509,11651,7217,112613,5500.7,14469.7,7608,22217,40.5,4.2,41.2,479,55,57,282,85,1.24,1872.9,8890.1,3991.7,2243.57,1229.9,3572,187.5,199.5,194.7,243.3,9775.2,275265,816382,2414.1,61.5,61.9,59.3,82
2/1/2012,0.2225,1.8265,2.9919,18.55,72.7,48.4,18.91,67.03,59.58,48.1176,220.3511,11491.4,9457.6,108.594,1019660,96.1735,92.1329,98.0541,94.4441,95.9823,94.2577,104.921,97.9253,94.2927,91.2284,93.4815,92.4614,105.833,75.7547,154871,142065,8.3,40,2541,2807,7397,1971,5426,132697,18283,789.9,5554,11891,7434,114414,5591.7,14750.2,7701,21986,41.3,4.3,41.9,698,64,103,404,127,1.28,2222.9,9787.4,4271.1,2733.27,1372.7,3525.4,193.8,207.1,200.8,245.8,10769.1,278362,812715,2587.5,53.6,55.2,52.4,61.5
4/1/2011,0.7976,3.4422,4.4853,17.4,87.5,41.81,31.07,60.23,57.37,24.5229,115.7826,11486.5,9408.5,106.96,983348,93.097,88.7132,94.2949,93.2151,86.2056,95.5537,93.9802,95.2048,88.7284,89.667,89.2748,101.33,101.211,73.2896,153421,139674,9,38.3,2691,2907,7845,2006,5839,131028,17997,718.9,5524,11706,7251,113031,5531.3,14531.7,7615,22166,40.9,4.2,41.4,523,60,96,255,112,1.26,1901,8945.7,3997.2,2531.67,1249.9,3506.4,190.3,203.3,200.1,260.3,9937.4,270240,807609,2465.5,59.7,60.4,58.9,85.5
5/1/2008,2.367,3.763,4.4991,18.88,115.2,53.29,26.32,63.2,55.63,138.676,266.7031,11477.8,9509.5,105.499,1036590,110.905,97.7563,111.863,105.558,94.83,108.862,129.984,111.817,124.975,101.96,98.0048,100.288,99.405,76.5116,154534,146046,5.5,16.6,3244,2469,2773,1223,1550,137754,21580,702.7,7257,13569,8589,116174,6040.1,15335.6,8231,22406,40.3,3.8,41,975,147,123,479,226,1.24,1363.6,7684,3571.7,859.681,1493.8,3651,178.4,188.2,191.1,287.3,8701.9,261863,884854,2489.2,46.1,48.5,48.8,87
7/1/2011,0.4719,3.1823,4.3908,15.87,90.5,38.31,30.19,63.76,55.89,23.0499,123.7679,11459.4,9393.1,107.154,996751,94.1525,89.7694,95.6042,94.034,89.7346,95.5608,96.5699,96.2054,90.1017,88.6717,90.3222,102.77,103.996,74.0119,153228,139296,9.1,40.4,2689,3088,8150,1965,6185,131190,18077,751.9,5532,11745,7311,113113,5545.4,14576.2,7603,22034,40.9,4.1,41.4,604,97,76,303,128,1.27,2006.2,9313.4,4108.4,2703.62,1265.7,3485.4,191.5,204.5,203.2,255.3,10298.6,271192,807544,2440.5,56.1,54.9,52.9,59
12/1/2011,0.2539,2.0873,3.0912,27.41,100.8,33.04,39.42,55.49,52.53,53.2303,247.2714,11438.6,9395.7,107.836,1015810,95.2915,90.9252,96.829,94.1218,90.7553,95.3748,101.146,97.5452,91.9414,90.3735,91.9859,93.6369,105.67,74.8251,153887,140790,8.5,40.8,2669,2858,7628,2039,5588,131900,18159,776,5544,11790,7365,113741,5563.9,14686.9,7624,21972,41,4.1,41.5,657,57,144,320,136,1.26,2158,9675.8,4243.9,2603.6,1339,3475.2,192.8,205.9,200.1,244.9,10649.4,276945,816724,2510.4,55,55.4,53.1,47.5
6/1/2011,0.4331,2.9408,4.1415,18.3,72.9,25.61,41.42,42.62,47.86,21.2209,118.9195,11432.6,9362.7,106.642,989191,93.07,89.0664,94.3532,93.0119,87.1316,95.0066,94.6802,95.1359,89.3058,88.3615,89.5745,102.53,102.424,73.4638,153421,139334,9.2,39.9,3076,2972,8125,1836,6289,131017,18006,739.3,5513,11707,7280,113011,5543.5,14537.2,7611,22064,40.9,4.1,41.4,629,77,124,292,136,1.28,1947.3,9111.7,4035.2,2671.59,1261.2,3494,190.8,203.7,202.3,253.9,10126.3,269968,807582,2428.3,60.3,55.7,56.6,68
12/1/2010,0.5315,2.9642,4.2397,21.36,110.1,47.4,24.68,56.71,57.17,14.724,150.5767,11412.7,9327.2,106.026,982642,94.8756,88.9296,96.278,95.5052,82.6209,99.8044,97.6694,96.7376,90.5976,92.5269,89.0769,108.477,102.125,73.0448,153690,139206,9.4,34.2,2725,3184,8647,2205,6441,130712,18041,686.7,5603,11670,7194,112671,5619,14475.7,7585,22259,40.5,4,41.2,529,58,69,262,140,1.25,1836.1,8836.9,3983.8,2009.32,1219.1,3611.5,184,195,189.3,229.8,9786.3,277440,827674,2426.2,58.2,59.8,57.5,72.5
11/1/2011,0.2362,1.9889,2.9998,34.77,116,43,25,50.54,50.59,44.1836,213.1058,11399.1,9361.9,107.788,1006730,94.8263,90.4242,96.5829,93.8661,90.2595,95.1888,100.421,96.8693,90.3822,89.293,91.3445,97.0017,106.125,74.4344,153883,140580,8.6,40.9,2519,2911,7801,2111,5691,131708,18101,767.3,5522,11764,7337,113607,5550.4,14667.2,7626,21989,40.9,4.1,41.3,685,100,90,332,163,1.27,2149.1,9641.9,4229.7,2623.12,1317.6,3486.6,192.9,206.3,201,250.8,10590.4,275083,811994,2490.2,53,55.2,52.1,45
8/1/2011,0.3671,2.7437,4.0795,23.66,84.1,37.84,31.42,39.34,45.22,18.6041,128.6273,11395.1,9353.1,107.097,1000900,94.0419,90.2575,95.7054,93.7264,89.9923,95.0862,97.7174,95.9043,90.5582,87.8133,90.6006,104.046,104.842,74.1576,153594,139627,9.1,40.3,2755,3050,8273,2239,6034,131132,18084,755.4,5524,11757,7312,113048,5546.3,14569.2,7605,21962,40.8,4.1,41.3,571,61,80,292,138,1.28,2108.7,9544.9,4196.4,2680.62,1285.9,3479.3,191.2,204.1,201.8,250.7,10444,272592,808641,2460.7,54.9,52.1,53,55.5
2/1/2008,2.0685,3.5926,4.3084,24.02,144.7,30.08,48.87,51.08,46.74,101.0725,245.737,11394.6,9581.6,105.334,1044900,113.66,99.7696,114.713,108.487,103.3,110.064,135.452,114.188,128.967,103.283,99.7982,103.174,100.523,77.7877,153374,145993,4.8,16.8,2639,2396,2377,1079,1299,137993,21833,689.8,7401,13689,8680,116160,6061.4,15453.5,8232,22375,40.4,4,41.1,1065,102,159,555,249,1.28,1367.5,7601.6,3559,856.973,1449.9,3623.4,173.9,182.5,180.8,253.3,8417.3,262443,886458,2461.8,45.8,46.4,47.6,75.5
11/1/2010,0.3435,2.6229,4.0029,21.83,98.7,51.23,21.6,64.03,60.35,18.4527,154.7065,11393.1,9305.1,105.81,980131,93.8961,88.3256,95.3595,94.2015,82.8864,97.9936,97.1941,95.6585,89.2341,92.0835,88.7276,99.6013,100.357,72.6951,154007,138888,9.8,33.8,2828,3359,8889,2576,6313,130539,18026,686.8,5615,11648,7176,112513,5608.6,14429.8,7573,22261,40.5,4,41.3,555,79,110,269,97,1.25,1831.9,8804.2,3988.4,1991.15,1221.5,3614.8,182.4,192.8,187.3,219.6,9757.4,242037,628521,2456.8,60.5,57.9,57.6,69.5
1/1/2008,3.0463,4.0231,4.4522,22.5,145.4,30,50,47.65,48.21,138.1299,219.6855,11386.4,9614.1,105.76,1060040,114.233,99.933,115.288,108.998,105.302,110.082,136.127,114.441,129.389,103.404,100.425,100.558,100.502,78.2826,153824,146248,4.9,17.5,2634,2396,2503,1124,1380,138102,21937,686.6,7448,13746,8732,116165,6069.6,15512.3,8257,22288,40.5,4,41.1,1012,126,159,530,197,1.25,1364.6,7498.6,3527,851.443,1448.9,3602.2,173.3,182,179.2,243.3,8175.2,266088,890541,2431.4,47.1,48,50.3,76
9/1/2011,0.18,2.1302,3.4945,31.82,98.8,38.62,32.34,49.62,46.28,31.9273,205.9803,11373.3,9342.5,107.503,996991,94.1851,90.409,96.2151,93.8273,90.2442,95.1437,99.3866,95.7658,90.1735,88.0335,90.9274,101.763,105.321,74.3273,154017,140025,9.1,40.5,2772,2904,8328,2086,6242,131334,18097,758.2,5551,11741,7297,113237,5539.9,14591.9,7603,21985,40.8,4,41.3,658,62,94,339,163,1.27,2123,9586.9,4199.1,2656.69,1297.5,3479.9,192.9,206.3,202.7,251.4,10522.6,274042,809533,2469.9,54.8,51.6,52.8,56
10/1/2010,0.4145,2.5097,3.7147,22.5,86.5,42.53,31.61,62.49,57.21,14.0521,172.0261,11372.8,9285.7,105.37,973513,93.3753,88.2251,95.2468,94.6267,84.6318,97.9945,95.8025,94.854,88.7334,91.277,88.5935,99.1719,100.557,72.5076,153904,139061,9.6,33.9,2657,3458,8725,2519,6206,130462,18049,685,5625,11669,7183,112413,5600.4,14488.3,7575,22240,40.6,3.9,41.3,519,79,98,251,91,1.27,1779,8766.1,3978.1,1998.44,1219.6,3621,181.6,191.6,185.7,217,9694.6,243767,631608,2451.4,59.5,59.5,57.7,71
4/1/2008,1.79,3.5583,4.3993,22.68,141.9,41.6,33.6,57.45,51.39,129.6261,308.1734,11354.8,9531.7,105.518,1046230,111.181,98.0932,112.268,105.823,94.0798,109.436,130.711,112.018,124.628,101.428,98.4558,101.904,99.669,76.803,153957,146331,5,16.9,2484,2495,2626,1272,1353,137818,21618,696,7275,13596,8608,116200,6043.5,15382.7,8230,22385,40.5,3.9,40.9,1032,89,158,516,269,1.25,1368,7677,3588.3,855.308,1490,3650,175.9,185,186.4,272.8,8655.2,262381,883361,2531.7,46.6,46.5,48.8,84.5
12/1/2008,0.9014,2.7309,3.2136,68.51,213.3,31.25,44.89,41.68,41.3,217.9441,702.9105,11354,9514.1,102.642,949121,103.597,89.6349,107.303,101.828,81.0363,108.108,122.367,102.261,108.236,88.0123,86.2136,102.496,101.89,67.9381,154447,143338,7.2,19.7,3267,3398,4517,1927,2591,135489,20616,714.6,6833,12981,8145,114873,5909.4,14965.5,8104,22514,39.3,3,39.9,550,62,80,277,131,1.44,1599.8,8108.4,3871.5,1669.25,1586.4,3790.9,169.7,174.9,172.3,176.7,9055.9,246190,836562,2775.1,29.9,23.2,33.1,18
9/1/2010,0.5011,2.573,3.6457,23.89,110.1,20.74,49.47,50.76,48.64,16.581,185.6989,11341.3,9200,104.931,972755,93.1902,88.4763,94.8106,94.4047,82.8296,98.2835,94.8,94.6225,87.9305,90.8114,88.5208,103.389,100.785,72.3574,154158,139391,9.6,33.3,2891,3350,8458,2336,6123,130201,18019,675,5604,11670,7176,112182,5588.8,14446.1,7577,22231,40.7,3.9,41.2,610,72,101,305,132,1.27,1765.5,8709,3969.5,1981.11,1224.2,3637.3,180.1,189.3,183.5,209.7,9615.1,245465,653584,2436.7,57.9,53.5,56.3,70.5
11/1/2007,3.7562,4.3458,4.6365,23.21,100.25,44.71,36.47,44.39,49.02,108.0713,169.4164,11338.2,9669.4,105.798,1062360,113.902,100.022,114.499,108.342,106.026,108.971,134.679,114.564,129.946,103.59,100.709,100.285,99.2556,78.5977,153870,146703,4.7,17.3,2589,2158,2377,987,1390,138467,22254,676.9,7562,13960,8852,116213,6053.5,15392.2,8417,22348,40.7,4.1,41.3,1187,128,202,601,256,1.24,1363.9,7424.5,3519.7,857.505,1411.9,3569.3,172.4,180.8,176.7,229.5,8060.8,264461,887278,2465.5,48.4,52.4,50.5,67.5
10/1/2007,3.9999,4.5452,4.7863,17.84,104.9,49.37,34.18,65.42,57.7,133.1275,167.4831,11337.1,9687.7,105.595,1061280,113.996,99.6803,114.233,108.516,105.04,109.528,133.425,114.015,128.799,103.226,100.242,98.5702,100.065,78.3193,153253,146007,4.7,17.1,2480,2459,2343,1031,1312,138421,22294,669.8,7601,13963,8848,116127,6042.7,15351.8,8452,22332,40.5,4.1,41.2,1229,153,207,577,292,1.26,1370.3,7395.8,3533.3,856.478,1396.9,3548.6,169.3,176.8,172.7,214.4,7976.5,268152,886197,2401.7,50.7,56.4,51.1,63
5/1/2009,0.9068,3.1533,4.0703,35.3,129.2,36.09,43.61,61.03,55.45,86.3873,509.6749,11330,9122,102.29,907622,95.8402,83.4993,99.9658,97.2462,74.022,104.286,107.183,94.265,90.5869,89.2486,80.5132,98.5482,101.847,64.0038,155081,140570,9.4,22.5,3275,4321,7002,3054,3948,132151,19021,644.3,6303,11986,7354,113130,5685.3,14818.4,7782,22628,38.9,2.7,39.3,532,51,80,257,144,1.42,1596.2,8327.9,3938.9,1799.29,1503.1,3881.3,170.3,176.1,169.4,167.5,9558.4,227023,772795,2672.8,34.8,49,41.7,43.5
10/1/2008,1.8157,3.7382,4.2147,39.81,200.5,34.04,45.74,42.82,43.42,334.7407,399.179,11327.9,9451.6,103.453,974310,107.285,92.2313,108.794,104.333,88.9375,109.022,118.528,107.566,119.924,94.511,91.4042,98.2984,103.17,71.8,155038,144958,6.5,19.7,3065,3003,4062,1805,2257,136899,21152,725.4,7069,13280,8367,115747,5983.7,15191.8,8156,22496,39.9,3.6,40.6,791,78,126,416,171,1.34,1473.1,7878.9,3660,1142.31,1601.8,3790.5,178.3,186.7,189.4,215.9,8714.9,254727,858940,2719.3,33.7,33.2,38.9,37
6/1/2010,0.7658,3.2591,4.179,35.54,110.3,29.83,50.88,36.66,40.79,39.0201,172.0865,11321.6,9217.8,104.126,958196,92.5354,88.0704,93.9574,93.8568,82.9368,97.525,93.0814,93.7561,87.6595,88.7142,87.6399,104.775,100.239,71.3067,153741,139119,9.5,35.2,2769,3121,8959,2208,6751,130470,17977,653.5,5582,11670,7166,112493,5574.9,14435.8,7584,22770,40.3,3.8,41,549,63,94,281,111,1.26,1722.6,8611.8,3943.9,2023.97,1245.1,3677.9,178.3,186.9,182.3,201.5,9415.8,252786,665725,2281.5,55.9,60,56.4,57
7/1/2010,0.625,2.947,3.8944,32.86,93.8,24.68,41.99,31.22,38.58,36.7979,184.2952,11318.1,9196.5,104.279,971968,93.4009,88.6641,95.1334,95.0615,86.6954,97.9016,94.49,94.4439,88.5199,89.3671,88.3575,104.053,102.486,72.0099,153560,138960,9.5,34.2,2839,3060,8722,2151,6572,130242,18023,660.1,5573,11717,7210,112219,5585.8,14433.7,7573,22505,40.3,3.8,41.1,546,77,93,267,109,1.26,1718.5,8610.4,3942.6,2015.14,1237.4,3656.8,178.5,187.2,181.9,207.1,9433.7,251341,663256,2362.4,59.5,57,56.4,57.5
8/1/2008,2.4907,3.9307,4.5608,22.57,118.3,40,41.18,46.38,44.34,113.5205,298.9321,11299.1,9455.9,104.614,1007720,110.303,95.0635,111.305,104.698,92.096,108.56,130.265,111.257,124.517,100.347,95.1978,96.3105,98.1613,74.5702,154853,145477,6.1,17.4,3235,2821,3402,1561,1841,137473,21386,724.3,7168,13428,8488,116087,6007.8,15286.2,8207,22486,40.2,3.7,40.9,895,153,133,403,206,1.27,1391.5,7716.5,3539.2,871.4,1514,3643.9,182,192.6,198.1,270.3,8753.8,260746,878233,2475.6,48.9,46.7,49.2,77
9/1/2008,2.3669,3.8115,4.4227,20.65,103,30.68,45.45,50.58,48.63,109.9803,308.85,11293.3,9437,103.956,983496,107.254,92.8881,108.366,102.982,91.3918,106.539,121.402,107.669,123.135,96.9592,91.9815,97.5214,88.7756,72.1486,154732,145255,6.1,18.4,2853,3051,3607,1598,2008,137318,21303,728.3,7125,13380,8452,116015,6004.2,15236.9,8184,22542,39.9,3.6,40.7,817,117,133,403,164,1.29,1453.9,7769.4,3579.3,936.276,1540.3,3664.1,182.7,193.3,198,255.2,8712,259676,872191,2530.4,42.1,41.8,44.8,53.5
8/1/2007,4.6,4.7919,4.9224,23.67,94.3,44.21,36.84,37.5,43.66,48.2091,157.8086,11287.9,9668.3,105.56,1058960,114.425,100.087,115.02,109.551,107.874,109.965,133.052,114.26,129.145,103.698,100.136,102.432,101.097,78.4784,152891,145794,4.6,16.9,2595,2166,2385,1138,1247,138037,22362,668.9,7629,14003,8865,115675,6018.7,15400.8,8484,22154,40.5,4.1,41.3,1331,96,248,716,271,1.27,1367.8,7333.8,3535.3,853.496,1310.7,3434.5,166,172.5,170.1,198.6,7740.7,272580,873988,2339,50,54.4,50.9,63
3/1/2007,4.6089,4.5499,4.6758,15.82,72.9,36.63,39.6,33.65,44.34,22.4282,120.0059,11257.4,9635.5,104.664,1056430,112.487,99.759,113.728,108.583,105.221,109.555,130.616,111.952,124.903,104.487,99.4615,98.5294,101.003,78.8132,152979,146254,4.4,17.3,2327,2159,2177,954,1223,137622,22530,653.2,7713,14103,8938,115092,5960.6,15410.8,8451,22196,40.6,4.3,41.1,1518,123,237,784,374,1.27,1368,7168.7,3473.6,848.207,1210.9,3316.4,164.1,170.3,166.7,203.6,7352.5,262577,827302,2260.3,49.9,50.2,50.7,65.5
5/1/2007,4.6242,4.6362,4.8151,13.51,58.9,39.24,37.97,65.19,61.12,47.9849,123.3805,11251.3,9629.8,105.07,1062630,112.689,100.241,114.014,108.819,106.748,109.365,131.098,112.702,126.48,104.378,100.069,101.001,100.025,78.9227,152762,145943,4.5,16.7,2450,2204,2230,1104,1126,137831,22439,660.1,7671,14051,8902,115392,5985.8,15374.1,8440,22240,40.5,4.1,41,1474,192,238,726,318,1.26,1375.9,7242.5,3492.9,849.717,1242.9,3394.3,166,172.8,169.7,204.8,7501,264256,840338,2284.3,52.2,58.6,52.5,71
6/1/2007,4.9665,4.9516,5.0572,12.78,58,33.33,44.79,68.2,64.57,57.8771,121.8431,11248,9647.7,105.038,1055190,113.37,100.289,114.671,109.244,108.652,109.299,132.151,113.186,127.36,104.569,100.356,97.7528,100.234,78.9694,153072,146140,4.5,16.8,2488,2125,2286,1166,1120,138038,22448,663.1,7681,14047,8898,115590,6008.2,15365.9,8465,22296,40.7,4.3,41.3,1467,161,233,721,352,1.27,1363.9,7241.2,3496.3,851.133,1259.9,3405.4,166.1,172.8,170.4,205.9,7539,264985,848444,2302.1,51.9,57.7,52.6,68
1/1/2009,0.7638,2.2123,2.6756,40,190,24,54.67,53.73,48.01,135.4016,713.77,11247.2,9302.5,103.022,929139,101.337,87.1436,104.408,99.4733,72.2582,107.63,117.091,100.356,102.044,87.294,83.737,102.144,102.316,66.0972,153716,142099,7.6,19.8,3658,3519,4634,1987,2647,134580,20245,708.3,6742,12713,7942,114335,5823.2,14998.2,7974,22539,39.2,2.9,39.8,466,36,53,246,131,1.43,1575.1,8242.8,3891,1727.93,1568.5,3769.1,170.8,176.6,172.4,173.1,9349.8,237064,812416,2730.3,28.8,31.8,34.9,29
4/1/2010,1.0558,3.8685,4.7278,17.47,89.8,41.3,31.16,70.36,62.84,13.9362,115.1526,11241.9,9058.8,103.873,954855,102.267,86.6667,105.701,101.626,85.2467,106.447,115.055,102.888,102.087,97.5849,86.3872,94.4585,101.653,70.0406,154715,139455,9.9,33,2682,2991,8969,2253,6716,130161,17968,636.2,5625,11635,7124,112193,5573,14443.7,7611,22571,40.5,3.9,41.2,672,83,105,367,117,1.23,1700.7,8479.8,3913.5,2044.08,1264.3,3714.5,178.9,187.9,182.7,210.6,9333.7,257339,676127,2330.7,55.6,62.4,58.1,78
7/1/2008,2.6483,4.0021,4.5485,23.65,128.5,31.25,52.27,30.99,39.08,92.3365,279.795,11241.3,9433.1,104.803,1018420,111.842,96.673,113.213,106.955,98.1735,109.677,131.148,112.74,126.175,101.13,96.3962,99.2696,98.7954,75.4151,154603,145819,5.7,17.1,2835,2823,3118,1440,1678,137615,21454,716.6,7175,13501,8558,116161,6018.4,15309,8213,22521,40.3,3.8,41,965,174,154,447,190,1.24,1400.9,7725.9,3538.8,870.164,1515,3624.1,183.4,194.7,200.6,303.4,8763.7,258857,879955,2487.3,51.2,47,50,88.5
2/1/2007,4.9581,4.8346,4.9294,10.31,61.3,46.32,30.53,63.91,61.78,24.7179,119.5425,11231.1,9605.8,104.606,1051360,113.143,99.9254,114.171,109.43,104.635,110.873,129.184,111.794,123.93,103.859,98.6546,107.351,99.1567,78.3558,152784,145919,4.5,16.4,2600,2192,2135,905,1230,137410,22475,649.4,7650,14115,8946,114935,5955.6,15356,8450,22168,40.2,4.2,40.8,1525,135,161,827,402,1.29,1359.5,7112.1,3476.9,847.329,1200.9,3372.7,162.7,168.3,165.3,201.6,7272.1,259522,824971,2229.5,50.9,55.1,51.9,59
1/1/2007,4.808,4.7022,4.8096,11.56,66.8,46,36,55.56,59.58,35.4548,125.7762,11201.7,9574.6,104.555,1046110,111.928,98.6957,112.67,107.438,103.058,108.748,128.847,111.339,124.359,103.203,98.2658,94.4682,100.51,78.2231,152974,145957,4.6,16.2,2642,2283,2118,986,1133,137258,22529,643.5,7715,14109,8938,114729,5947,15318.1,8438,22121,40.4,4.1,40.8,1408,196,195,716,301,1.3,1371.6,7081.3,3480.5,843.529,1193.1,3345.2,160.9,166.1,164.1,184.9,7240.4,262033,827470,2212.7,50.3,52.2,49.5,53
12/1/2006,4.5168,4.4327,4.5463,11.66,72.25,40.22,47.49,57.73,60.77,34.8423,126.7327,11187,9591.3,104.463,1051810,112.442,99.394,113.555,107.818,106.194,108.224,132.113,111.706,124.716,104.222,98.7747,91.7377,98.6264,78.7987,152775,145926,4.5,15.9,2707,2037,2081,991,1090,136214,22303,642.2,7455,14150,8964,113911,5885.3,15242.5,8376,22125,40.8,4.3,41,1642,196,229,827,390,1.28,1357.5,7023.4,3467.4,837.71,1189.9,3323.8,161.1,166.4,164.7,195.4,7192.6,267011,829922,2226.5,49.8,51.4,51.4,47.5
4/1/2009,0.8038,2.6539,3.5015,42.28,112.6,39.13,42.39,55.82,50.47,97.9074,660.6097,11160.1,9119.4,102.172,908922,97.0723,84.6625,101.32,98.0824,76.4441,104.615,110.593,95.5056,92.8911,89.1223,81.4196,100.262,103.202,64.6094,154731,141007,8.9,21.4,3346,3982,6211,2531,3680,132414,19244,660.8,6348,12152,7499,113170,5696.2,14823.7,7815,22613,38.9,2.7,39.6,458,50,77,217,114,1.43,1592.4,8264.4,3924.5,1787.76,1521.7,3838.9,170,175.5,168.4,162.4,9448.3,228524,779097,2668.5,33.2,46.5,39.5,32
3/1/2010,0.7959,3.6079,4.5576,19.26,79.4,34.89,29.53,57.46,53.46,12.8974,136.2083,11158.4,9006.6,103.803,947447,101.61,86.5876,105.421,101.57,85.1518,106.402,114.584,101.918,100.465,96.6546,85.5973,103.205,100.883,69.2754,153910,138905,9.7,31.2,2646,3228,8983,2436,6547,129750,17870,629.8,5592,11579,7086,111880,5568.9,14432.3,7599,22496,40,3.7,41,626,66,83,337,140,1.23,1712.2,8512.1,3899.1,2106.63,1258.2,3704.4,178.9,188,181.3,212.1,9428.6,258958,681848,2331.5,54,61.4,58.8,75
6/1/2009,0.9463,3.6726,4.5337,30.04,190.3,40.37,48.62,63.99,58.87,55.873,386.7413,11156.2,9075.4,102.21,905513,95.3964,83.1498,99.0485,96.5136,73.0694,103.626,105.394,94.0306,89.5979,89.6452,80.2676,96.1507,102.377,63.9228,154926,140196,9.5,24.5,3204,4066,7833,3452,4381,131692,18815,636.8,6240,11854,7250,112877,5677.4,14801.1,7754,22554,39,2.8,39.5,582,81,108,272,121,1.38,1650.1,8370.1,3914.9,1704.12,1505,3865.4,173.5,180.3,171.7,175,9611.3,223602,760879,2166.1,40.7,51.7,45.8,50
11/1/2006,4.6426,4.5645,4.684,11.51,63.8,52.17,30.43,56.83,60.8,31.8847,129.5504,11131.3,9558.7,103.863,1038720,112.323,98.5297,112.792,107.605,104.409,108.525,129.488,111.01,123.671,102.894,97.362,98.9954,97.1318,77.8326,152381,145564,4.5,16.4,2516,2152,2160,1016,1144,136018,22317,638.1,7458,14164,8973,113701,5876.5,15229.6,8371,22122,40.5,4.2,41.1,1588,165,222,851,350,1.3,1368,6976.8,3466.2,840.399,1184.2,3281.7,160,165,163.8,189.4,7116.2,269928,822118,2206.1,49.2,50.8,50.3,53.5
2/1/2010,0.8512,3.6501,4.5617,22.59,85.3,35,36.67,40.94,47.17,16.4891,135.9867,11128.8,9006.1,103.307,937966,100.986,85.9631,104.406,100.87,83.131,106.12,112.762,101.366,98.8286,95.7289,84.5067,107.93,97.8779,68.2689,153512,138641,9.7,29.7,2748,3412,8829,2696,6133,129526,17793,623.1,5555,11555,7056,111733,5546.6,14401.4,7634,22470,39.4,3.4,40.3,575,66,104,268,137,1.27,1710.4,8518.7,3903,2151.01,1300.7,3725.7,177.7,186.4,180.4,208.7,9501.8,218554,691058,2328.2,54.6,57.1,55.8,67
12/1/2009,0.671,3.2822,4.2735,21.92,87.5,41.66,41.66,58.43,57.78,21.475,194.7787,11128.2,9007.8,103.109,936331,100.304,85.6031,103.383,100.86,82.903,106.182,109.154,100.825,97.1728,97.2832,83.6942,101.635,98.4899,67.3697,153059,137792,10,29.1,2929,3486,8969,2840,6130,130910,18240,613.5,5907,11630,7089,112670,5618.5,14623,7695,22467,39.6,3.4,40.4,557,51,88,310,108,1.26,1689.4,8410.3,3904.8,2017.28,1343.3,3806.8,177.1,185.5,177.8,200.8,9534.9,213466,702051,2344.1,51.6,63,55.3,61.5
1/1/2010,1.1356,3.835,4.6281,21.68,107.5,49.18,22.95,53.98,55.9,19.4859,147.502,11121.5,9008.8,103.021,931933,101.052,86.2975,104.664,101.799,85.606,106.555,111.361,101.01,97.9287,97.1109,84.5994,106.994,95.3589,68.2204,153170,138333,9.7,30.2,3008,3362,8945,2632,6313,129527,17846,617.8,5625,11540,7045,111681,5547.9,14398.6,7643,22472,40,3.5,40.8,591,66,91,312,122,1.25,1676.5,8463.1,3871.6,2010.11,1318.4,3777.4,178.9,188,180.8,213.9,9500.3,222451,700438,2339.4,53.6,62.9,57.2,70
7/1/2009,1.0377,3.5365,4.3285,26.22,161.6,28,48.8,53.38,54.16,42.5212,337.3451,11111.5,9018.6,102.463,920786,95.9709,83.7567,99.4352,96.9738,78.5978,102.451,105.402,95.0352,91.6581,90.4712,81.355,95.8402,101.494,64.904,154504,140041,9.4,25.1,3233,3557,7880,2916,4965,131488,18690,628.9,6148,11817,7235,112798,5663.1,14746.9,7742,22564,39.3,2.9,39.8,581,67,114,276,124,1.36,1654.4,8347.8,3916,1693.69,1489.2,3839.7,171.5,177.7,171.1,168,9602.3,222131,757021,2279.6,47.1,57.6,49.9,55
9/1/2009,0.9049,3.3625,4.1923,29.15,135,33.98,48.54,49.46,55.68,20.5574,244.7495,11082.9,9000,102.353,920908,98.4622,84.9675,102.163,99.6143,82.8078,104.575,108.274,97.8977,94.7261,94.307,82.8055,96.9483,103.257,66.2966,154006,138864,9.8,26.2,2966,3910,8380,2942,5438,130947,18465,617.3,6038,11719,7150,112482,5649.1,14699.7,7702,22403,39.2,2.8,39.8,590,69,107,300,114,1.32,1662.2,8334.5,3896.1,1819.67,1414.8,3767.1,173.5,180.5,174.3,174.1,9582.7,219007,744383,2329.6,47.8,63.3,54.4,63.5
10/1/2009,0.8654,3.179,3.9557,28.27,112.6,43.55,35.48,45.78,54.03,19.0066,230.0989,11060.5,8986.7,102.554,924233,98.6271,85.2537,102.19,99.9613,82.2743,105.201,107.028,98.4436,95.3188,94.3671,82.9443,104.989,101.732,66.527,153975,138275,10.2,26.9,3147,3717,8834,3240,5594,130848,18340,611.6,5966,11675,7121,112508,5648,14642.1,7697,22447,39.1,3.2,40,529,56,93,272,108,1.3,1673.9,8359.8,3899.6,1975.36,1378.1,3748.3,174.3,181.7,175,186.9,9566.8,218567,720620,2312.2,52.4,59.9,56,65
9/1/2006,4.7579,4.7236,4.8716,11.96,56.7,41.57,25.84,67.61,58.8,38.4492,132.641,11021.2,9449.2,103.274,1036910,113.134,98.6101,112.72,107.622,105.351,108.242,128.491,112.184,125.906,104.522,97.6754,95.758,100.268,78.3817,151799,144850,4.6,17.4,2581,2080,2294,1027,1267,135613,22427,631,7535,14210,9005,113186,5865.6,15196.7,8347,21988,40.3,4.3,41.1,1772,134,270,975,393,1.3,1357.7,6878,3406.2,834.301,1168.3,3123.8,160.2,165.6,164.7,182.7,7017,277172,814155,2192.6,49.9,54.8,52.2,61
6/1/2006,5.0164,5.0984,5.1927,14.52,66.5,30.77,50,50.33,49.26,44.8695,123.1647,10954.3,9384.5,102.572,1044450,113.21,98.6394,112.211,107.611,107.382,107.567,126.35,111.868,124.323,104.354,97.3062,97.6189,97.895,78.4654,151321,144363,4.6,16.2,2673,2052,2133,1020,1112,135230,22431,620.3,7505,14251,9032,112799,5851.3,15220.8,8320,21967,40.5,4.6,41.3,1850,170,309,911,460,1.26,1368.8,6825.8,3377.7,836.851,1125.2,3079.6,161.4,167.3,165.2,178.5,6958.7,264647,784432,2189.2,49.9,55,52,76.5
8/1/2006,4.9499,4.9753,5.0605,15.05,61.8,34.88,43.02,54.43,51.17,36.3648,130.4654,10952.8,9380,102.83,1045160,113.706,98.8134,112.851,107.778,106.184,108.177,128.603,112.593,125.921,104.937,97.6358,99.1135,97.9467,78.485,151698,144579,4.7,17.4,2617,2215,2394,1066,1328,135500,22432,628.3,7521,14225,9007,113068,5853.3,15211.6,8334,21983,40.5,4.5,41.3,1665,155,267,833,410,1.26,1368.8,6874.3,3376.3,834.632,1165.7,3117.9,162.1,168.3,166.5,187,7005.8,273651,803566,2209.7,52.6,55.3,53.7,73
5/1/2006,4.9497,5.1369,5.2268,12.54,63.9,42.11,35.96,53.04,54.06,36.2457,110.3108,10908.8,9352.1,102.426,1046610,112.099,98.2631,110.923,106.363,106.018,106.356,124.809,111.04,123.311,103.913,97.0076,95.3857,95.5318,78.3399,150991,143976,4.6,17.1,2516,2242,2297,968,1329,135106,22416,614.3,7512,14230,9008,112690,5850.4,15236,8322,21916,40.3,4.6,41.1,1957,183,294,960,520,1.25,1394.1,6796.4,3367.4,837.079,1117.8,3039.8,160.6,166.3,164.4,184.4,6931.2,260976,777294,2202.1,53.2,54.9,53.7,77
3/1/2006,4.6995,4.5845,4.5585,11.54,58.31,43.21,28.4,57.03,56.01,23.575,123.5451,10877.7,9332.2,102.075,1047420,111.209,98.1093,110.346,106.684,106.804,106.524,121.605,109.591,121.449,103.332,96.9277,97.5535,91.3178,78.5031,150652,143641,4.7,16.9,2676,2011,2333,1044,1288,134966,22375,602.9,7504,14212,8981,112591,5820.3,15341.9,8281,21903,40.4,4.5,41,1960,189,291,994,486,1.26,1384,6777.2,3372.1,832.56,1082.5,2974.3,159.3,164.8,161.5,179.6,6911.8,268086,773840,2105.4,53.8,57,54.3,66.5
2/1/2006,4.5737,4.5551,4.7058,12.36,72.8,30.77,33.33,56.07,56.44,22.0182,123.4869,10840.5,9301.8,101.846,1043010,110.878,97.5953,109.509,105.983,106.209,105.788,119.876,109.29,120.476,103.455,96.9991,89.6366,94.6007,78.6807,150449,143257,4.8,17.6,2595,2074,2482,1126,1356,134789,22392,596.8,7512,14228,8980,112397,5802.1,15293.5,8266,21885,40.5,4.6,41,2120,182,326,1041,571,1.26,1374.8,6756.8,3371.4,831.763,1076.8,2950,158.7,164,161.6,186.6,6902,267242,767275,2095.2,53.5,61,55.8,62.5
12/1/2005,4.4318,4.5135,4.7146,11.24,73.5,52.47,23.46,65.96,60.36,47.7917,143.6505,10659.3,9149.9,101.239,1037610,109.762,97.9405,110.109,106.955,106.122,107.098,119.459,108.076,118.617,102.611,96.4094,101.427,92.8969,78.4652,150153,142779,4.9,17.3,2764,2240,2417,1068,1350,134468,22262,585.3,7332,14283,8973,112206,5754.4,15174.6,8316,21888,40.1,4.5,40.7,1933,172,295,1033,433,1.25,1372.3,6691.5,3360.4,814.983,1045.9,2901.1,159.6,165.6,160.2,202,6862.2,277955,781359,2045.3,53.7,60.1,55.1,63
12/1/2004,3.005,4.3649,5.0113,12.97,88.23,49.48,26.8,67.31,63.21,20.6476,83.5057,10631,9156.2,98.522,998130,117.813,94.0347,104.982,104.024,105.039,103.578,107.282,105.855,110.185,103.692,93.2217,97.2896,94.1077,77.6743,148203,140156,5.4,19.3,2865,2264,2961,1325,1636,132266,22030,534.3,7032,14400,8979,110236,5695.4,15044.9,8121,21716,40,4.5,40.5,2004,168,379,941,516,1.3,1363,6397.6,3333.9,787.984,905.8,2538.3,151.4,155,147.7,167.2,6644,298274,743896,1930.6,53.8,66.3,57.2,72
11/1/2005,4.3987,4.5629,4.7587,14.85,77.96,32.05,46.15,51.97,49.35,30.8029,134.7136,10601.8,9090.3,100.85,1029590,108.96,97.5485,109.368,106.112,106.711,105.791,118.879,106.883,117.668,101.504,96.3362,95.604,93.5997,78.5509,150176,142594,5,17.7,2773,2276,2509,1118,1391,134289,22268,581.6,7356,14270,8966,112021,5752.4,15194.3,8305,21872,40.3,4.5,40.8,2123,181,373,989,580,1.26,1372.4,6652.7,3346.2,816.814,1037.3,2858.5,158.7,164.4,160.3,209.9,6812.9,283011,775362,2065.9,56,61.2,56.7,74
8/1/2005,4.0313,4.3099,4.5084,12.08,76.52,57.52,17.65,59.64,58.07,28.6071,118.0126,10547.5,9030.9,100.584,1019160,119.678,96.5472,108.112,106.097,106.448,105.856,113.576,107.127,114.193,103.004,95.2002,100.022,92.9753,78.1075,149841,142449,4.9,18.9,2542,2272,2686,1243,1444,133999,22149,565,7262,14256,8935,111850,5738.3,15266.9,8242,21817,39.9,4.5,40.5,2009,187,346,915,561,1.26,1369.1,6550.3,3333.2,807.66,1016.4,2802.5,156.3,161,153.2,181.5,6714.1,281038,767003,2065.5,51.8,57.8,52.4,62.5
7/1/2005,3.7401,4.0489,4.2942,11.4,78.85,45.89,29.45,47.88,51.07,37.2535,127.1077,10539.1,9035.8,100.945,1019160,119.444,96.245,107.728,105.821,104.229,106.212,112.912,106.983,112.944,104.083,94.8953,101.06,94.3151,78.0303,149573,142076,5,17.6,2571,2430,2437,1047,1389,133786,22140,560.7,7235,14276,8943,111646,5729.4,15245.1,8229,21782,39.8,4.5,40.4,2042,196,371,980,495,1.26,1344,6510.7,3336.4,805.891,1007.2,2767.5,155,159.3,152.3,174.4,6672.8,280112,765290,2060.2,53.2,57.2,52.8,48.5
6/1/2005,3.4754,3.8844,4.2365,12.36,79.13,44.14,23.42,61.81,55.66,37.772,133.5641,10509.1,8993.7,100.338,1018520,119.657,96.3316,107.825,106.18,105.495,106.278,112.145,106.92,112.676,103.341,95.0936,100.059,95.3957,78.3686,149123,141638,5,17.1,2666,2342,2350,1041,1310,133537,22134,561.1,7237,14270,8945,111403,5717.4,15174.8,8202,21754,39.9,4.4,40.4,2004,185,335,1003,481,1.29,1365.3,6503.1,3344.5,804.818,992.5,2721.8,153.9,157.9,151.1,165.5,6670,283991,764989,2052.9,51.1,55.7,52.4,50.5
9/1/2005,3.7211,4.0307,4.3101,13.15,85.07,31.76,37.65,51.02,51.83,44.0097,117.9296,10489.9,8983.5,100.153,1014430,118.016,96.193,107.555,106.475,108.583,105.665,110.078,103.57,115.812,97.068,94.1655,101.507,89.7176,77.0919,150093,142432,5.1,18.3,2735,2285,2611,1131,1480,134041,22155,570.4,7285,14234,8924,111886,5738.2,15176.9,8255,21874,40.2,4.4,40.5,2108,198,368,981,561,1.25,1363.6,6588,3307,811.866,1024.7,2821.3,158.8,164.4,157.2,200.3,6765.3,282929,770468,2079.4,53.4,60.9,56.8,78
4/1/2005,3.7251,4.4475,4.721,14.09,75.16,28.43,50.98,40.55,45.42,34.3974,120.2544,10395.4,8882.6,99.753,1007530,118.277,95.3797,106.218,104.447,103.769,104.553,110.632,106.199,111.473,103.798,94.5546,97.8203,95.6469,78.2607,148762,141099,5.2,19.6,2666,2268,2698,1083,1615,133293,22140,555.3,7209,14308,8959,111153,5707.7,15147.7,8188,21750,40.1,4.5,40.5,2038,175,326,1045,492,1.3,1354.6,6469.7,3317.9,802.212,967.7,2666.2,154.2,158.4,151.3,175,6651.5,289411,755098,2015.3,53,53.4,52.2,71
2/1/2005,3.2799,4.1377,4.5944,12.03,75.96,26.43,36.43,54.05,53.55,24.0054,94.2311,10370,8868.2,98.824,999360,118.393,95.2216,106.576,105.425,107.032,104.772,109.356,106.283,111.105,103.928,94.6851,94.5053,94.8943,78.6645,148132,140144,5.4,19.1,2755,2317,2888,1255,1633,132843,22060,544,7116,14334,8968,110783,5682.2,15112.4,8161,21755,39.9,4.6,40.5,2195,193,408,1042,552,1.31,1361.3,6443.3,3329.6,799.993,937.5,2587.4,152.7,156.6,149.5,162.9,6649.5,291505,746918,2004.5,56,55.9,55.5,65.5
3/1/2005,3.5714,4.3647,4.7145,12.04,89.23,31.82,31.82,57.64,56.03,18.376,92.529,10365.1,8862.8,99.097,999980,118.527,95.075,106.212,104.781,104.943,104.612,109.689,106.263,111.03,104.251,94.2648,99.4324,94.7172,78.1743,148157,140501,5.2,19.5,2531,2319,2817,1165,1652,132926,22080,548.6,7147,14314,8962,110846,5701.1,15110.6,8163,21750,39.8,4.4,40.5,1837,188,309,837,503,1.31,1371.8,6475.2,3323.9,800.71,958,2639,153.7,157.8,150.7,170.5,6659.1,291580,751034,2025.2,52.5,57.7,55.2,73
10/1/2004,2.6216,4.1871,4.9436,12.75,93.08,41.07,39.29,61.05,56.02,34.7886,83.2939,10315.3,8853.7,97.722,980472,117.592,93.4835,104.158,103.295,104.766,102.696,106.28,104.865,109.916,102.711,92.7002,94.9337,92.3287,77.3865,147850,139778,5.5,19.6,2749,2288,3043,1253,1790,132017,22000,527.3,7016,14393,8983,110017,5668.5,15064.1,8094,21714,39.9,4.5,40.7,2027,180,390,932,525,1.3,1343.7,6342.6,3321.8,791.916,895,2487.5,151.2,154.9,146.6,161,6603.8,294242,745502,1918.6,55.5,58.4,56.3,78.5
11/1/2004,2.5808,4.0698,4.8357,16.27,96.79,42.31,31.73,59.09,54.74,26.529,89.0217,10295,8832.8,97.887,986003,117.6,93.4347,104.283,103.514,104.554,103.064,105.999,105.268,110.094,102.787,92.6286,96.2177,91.8668,77.2635,148289,140261,5.4,19.9,2621,2376,3027,1290,1738,132075,22028,531.9,7034,14400,8977,110047,5673.2,15031.6,8107,21684,39.8,4.5,40.5,1771,151,312,840,468,1.31,1362.7,6381.9,3325.4,793.515,898.1,2515.1,152.1,156.1,147.9,172.7,6634.2,298063,751864,1924.4,56.9,60.1,56.2,74
9/1/2004,2.383,4.1128,4.9251,14.91,105.44,41.53,25.42,56.55,51.22,23.2509,87.7209,10294.5,8835,97.524,980102,116.666,92.6524,103.451,102.541,103.217,102.226,105.468,104.066,109.11,102.077,91.7575,94.1578,88.3224,76.6408,147483,139480,5.4,19.6,2790,2255,2954,1207,1747,131567,21908,529.3,6931,14384,8972,109659,5665,15021,8089,21641,40,4.6,40.8,1898,147,354,904,493,1.32,1344.9,6327.1,3327.1,786.031,892.5,2456,148.8,151.8,144.8,154,6619.9,288372,734801,1927.7,58,57.7,57.4,76
7/1/2004,2.6366,4.5629,5.2865,15.2,99.72,56.97,15.76,49.89,51.29,38.9872,87.7149,10225.8,8782.1,96.648,970186,116.213,92.4055,103.03,101.923,103.367,101.337,105.894,104.196,108.602,101.458,91.3903,93.6778,90.2592,76.3546,147856,139660,5.5,18.6,2805,2476,2878,1211,1667,131272,21914,526,6916,14405,8957,109358,5646.6,15035.6,8013,21529,40,4.6,40.9,1978,192,336,901,549,1.32,1324.2,6283.7,3308,780.264,883.6,2406.1,148.2,151.3,142.9,161.3,6585.8,271284,716152,1918.8,57.4,62.8,59.9,77
6/1/2004,2.589,4.7001,5.3955,16.3,108.71,36.11,40.28,57.92,51.78,21.5888,82.9932,10192.5,8735.6,96.043,966530,116.19,91.7762,102.324,101.685,102.804,101.215,103.865,103.578,107.909,100.7,90.5972,95.7763,89.2318,75.6757,147279,139031,5.6,19.9,2688,2405,3065,1306,1759,131301,21878,522.4,6911,14378,8949,109423,5633.8,15061.4,8038,21539,39.9,4.6,40.8,1802,165,315,846,476,1.31,1335.2,6292.7,3305,774.897,879.5,2397.7,148.4,151.5,142.2,161.5,6612.7,266998,710912,1923.8,59.4,60.9,60.5,81
4/1/2004,1.6199,3.8786,4.8009,16.65,112.4,55.17,22.41,54.78,52.83,18.2724,78.1434,10142.3,8685.7,95.948,966236,115.423,91.9729,102.907,102.775,105.885,101.564,103.105,103.404,107.315,100.184,90.5744,94.2216,88.7962,75.5864,146741,138576,5.6,19.7,2792,2369,2969,1170,1800,130902,21808,517.7,6874,14351,8909,109094,5630.4,15032.6,8002,21574,39.9,4.5,40.6,1969,175,395,952,447,1.3,1327.7,6220.8,3289.5,767.692,876.1,2346.1,147.2,150.2,140.1,156.2,6528.8,260616,695264,1951.9,57.2,67.1,60.6,88
3/1/2004,1.649,3.973,4.8384,14.44,90.14,41.58,30.53,61.1,60.63,17.2395,71.701,10098.9,8644.9,95.924,976494,114.523,91.5584,102.138,101.868,105.198,100.57,102.682,102.931,107.161,99.3472,90.2484,93.1426,89.1341,75.2677,146650,138298,5.7,20.1,2589,2414,3320,1332,1988,130548,21750,515.2,6862,14310,8882,108798,5621,15008,7995,21573,40.3,4.6,40.9,2007,174,386,945,502,1.3,1331.5,6174.1,3272.5,764.071,885.5,2294.8,146.2,149,138.4,153.2,6472.1,259420,689371,1984.8,57,64.6,60.6,86
12/1/2003,2.092,4.3846,5.151,16.77,113.14,60.38,20.75,63.69,59.14,27.1369,73.5411,10080.1,8645.9,95.097,951406,113.187,91.3803,102.101,102.132,105.672,100.741,101.779,102.116,105.129,99.3376,89.8098,97.0403,86.9069,74.7631,146878,138479,5.7,19.6,2627,2450,3403,1513,1890,130124,21942,506.9,6873,14504,8993,108182,5565.3,14930.6,7952,21468,39.9,4.6,40.7,2088,180,396,961,551,1.34,1287,6044.5,3256,752.828,892.6,2218,145.1,147.6,135,142.4,6341.3,250052,686085,1846.2,54.1,71.3,60.1,66
1/1/2004,1.8186,4.2455,5.0726,18.31,117.91,62.41,13.48,74.41,65.59,23.4886,66.4475,10060.8,8619.7,95.573,946763,113.795,91.7037,102.327,102.513,106.819,100.835,101.841,102.421,105.491,99.0865,89.8181,101.076,86.8357,74.8138,146863,138566,5.6,19.8,2612,2394,3365,1467,1898,130155,21677,509.1,6808,14306,8868,108478,5611.1,14956.5,7982,21526,40.1,4.6,40.9,1903,148,319,918,518,1.33,1286.4,6065.3,3245.1,756.654,896.9,2236.4,145.9,148.6,136.6,148.7,6366.1,253350,689887,1851,54.7,70.6,60.8,75.5
10/1/2003,1.4416,3.9318,4.8902,21.07,118.24,57.28,22.33,52.7,53.74,21.2462,96.8191,10008.8,8587.8,94.559,950352,111.751,90.7107,101.115,101.203,104.005,100.086,100.09,101.404,103.481,99.1161,89.1862,93.9527,86.3126,74.1719,146793,138014,6,19.1,2731,2577,3463,1444,2020,130132,21952,503.5,6847,14540,8990,108180,5547.6,15015.2,7980,21488,39.9,4.2,40.5,1960,146,390,898,526,1.35,1286.8,6089.2,3263,753.731,892.4,2236.3,144.8,147.1,134.2,138.2,6413.4,249005,679321,1805.2,48.6,64.4,55.2,58.5
9/1/2003,1.9598,4.4577,5.2217,18.63,126.55,56.7,22.68,61.26,57.08,16.911,106.2334,9946.3,8514.5,94.396,947648,110.602,91.1147,101.848,102.01,106.186,100.354,100.669,100.906,102.687,99.0776,89.1269,95.3622,86.0495,74.0951,146545,137573,6.1,19.7,2739,2783,3524,1421,2102,129862,21955,501.5,6837,14556,8997,107907,5545.5,14969.1,7989,21441,39.9,4.2,40.4,1888,175,429,842,442,1.36,1288.1,6109.4,3265.7,745.393,910.2,2255.9,144,146.1,133.8,134.4,6457.8,245948,669647,1775,46.5,60.8,52.4,56
8/1/2003,1.773,4.3834,5.314,20.75,157.22,51.54,16.15,46.2,51.82,21.4044,115.6625,9926.4,8498.2,94.771,941488,110.213,90.5243,101.019,101.036,102.957,100.26,100.192,100.433,101.844,98.3061,88.4621,96.4213,85.1965,73.5211,146530,137625,6.1,19,2727,2595,3572,1637,1935,129761,21977,501.1,6822,14589,9014,107784,5548.2,14958.7,7974,21457,39.8,4.1,40.1,1820,145,388,851,436,1.36,1286.4,6133,3285.4,745.11,919,2239.1,143.7,145.8,133.9,130.8,6467.1,238064,622644,1768,47.1,61.1,53.2,53
7/1/2003,1.3001,3.5471,4.586,19.46,100.56,71.43,8.57,53.41,57.03,23.3741,124.2872,9921.7,8495.2,93.964,947213,110.037,90.6687,101.15,101.482,104.485,100.276,99.3352,100.49,102.127,98.65,88.9428,94.8526,84.5944,73.9046,146540,137478,6.2,19.3,2730,2699,3592,1633,1959,129870,21982,502.2,6804,14612,9022,107888,5556.6,14945.1,7984,21473,39.6,4,40.1,1872,194,372,872,434,1.37,1277.3,6094.3,3275.6,741.185,926.3,2193.6,142.8,144.7,133.3,131.9,6434.3,231353,613007,1810.6,46.3,56.8,51,53
5/1/2003,1.4654,3.8397,4.775,21.59,89.67,48.57,25.71,62.11,57.23,21.2229,142.0291,9909.6,8495.1,93.079,928102,109.583,90.27,100.304,100.509,101.198,100.223,98.8083,100.068,101.422,98.5478,88.2354,96.6273,85.1164,73.2996,146485,137487,6.1,19.2,3056,2605,3250,1321,1930,130067,22075,500,6783,14731,9103,107992,5585.1,14994.1,7965,21520,39.7,4.1,40.2,1732,147,366,779,440,1.4,1259.3,6000.1,3240.6,721.412,932.7,2128.5,141.9,143.5,132.4,129.9,6261.3,207014,606170,1822.4,42.4,53.4,49,51.5
4/1/2003,1.4734,3.8095,4.825,28.36,109.66,39.42,32.69,51.7,50,16.9274,179.0489,9829.6,8422,92.81,922971,109.656,90.1895,100.555,100.83,101.256,100.65,99.091,100.268,100.749,99.4662,88.1509,94.6938,85.5355,73.2267,146473,137687,6,19.6,2814,2630,3294,1392,1903,130348,23366,498,6556,16251,9538,106982,6630,23107,7843,21380,39.5,3.9,40.5,1630,152,329,723,426,1.4,1236.1,5921.2,3204.1,713.64,943.8,2105.1,142.2,143.9,133.1,128.2,6199.6,203847,607158,1766.1,41.8,47.2,46.1,63.5
5/1/2002,3.1875,5.0579,5.5638,20.06,101.09,36.67,23.33,40.18,43.61,15.8268,266.2069,9786.4,8403.3,90.542,920840,139.334,89.5718,99.6849,99.7446,99.6539,99.7893,99.6967,100.108,99.706,100.582,87.6323,95.6463,87.6736,72.8343,142769,134417,5.8,17.1,2876,2531,2952,1316,1636,130748,23880,511.9,6539,16781,9971,106868,6678,23340,7743,21198,39.8,4.3,40.9,1733,164,346,815,408,1.36,1182.1,5544,3059.7,675.961,1014.5,1811.7,138.4,138.7,127.1,109,5798.7,197827,577581,1533.1,47.3,61.8,53.1,63
1/1/2002,3.05,5.032,5.472,23.8,137.36,57.69,26.92,53.39,53.06,15.525,213.8,9780.9,8409.6,90.119,911890,136.518,88.8648,99.3531,98.9636,96.651,99.8842,100.125,97.2353,96.0165,97.4294,86.3292,87.8278,87.5983,71.8739,141390,133468,5.6,14.6,2978,2586,2546,1418,1127,131208,24303,528.1,6793,16948,10071,106905,6925,23427,7636,21058,39.8,3.9,40.5,1678,162,339,800,377,1.38,1181.8,5464.9,3055.6,655.82,1014.5,1759.6,137.7,137.6,125.7,99.8,5678,192893,563984,1477.4,41,55.2,47.5,43.9
2/1/2002,3.069,4.985,5.393,21.12,115.05,45.45,22.73,45.28,47.86,16.4,223.5,9776.2,8405.6,90.481,913836,137.634,88.5037,99.0421,98.7131,97.0678,99.3762,99.8293,97.7695,96.7603,97.8833,86.3374,88.0625,87.5034,71.8338,142211,134319,5.5,15,2828,2515,2561,1383,1178,131261,24247,523.3,6812,16879,10027,107014,6919,23464,7626,21083,39.9,3.9,40.7,1769,146,363,828,432,1.38,1182.6,5499,3065.3,666.938,1023.2,1769.8,138,138,125.5,98.4,5718.6,197800,570919,1469.6,43.8,60.7,50.7,41.5
4/1/2002,3.711,5.426,5.829,18.73,119.7,51.16,23.26,51.86,52.07,25.3,216.4,9773.8,8391.7,90.878,917323,139.151,89.1529,99.3786,99.5471,99.2459,99.6746,99.1333,99.6284,99.2395,99.441,87.1517,96.343,88.5718,72.4514,142570,133976,6,16.6,2793,2818,2854,1360,1494,131230,24068,515.5,6695,16812,9987,107162,6910,23475,7634,21121,40,4.3,41,1555,126,276,776,377,1.35,1174,5480.1,3050.9,667.573,1020.5,1789.1,138.7,139.1,127.2,108.1,5714,196634,574855,1500.7,46.6,59.9,52.4,60.3
3/1/2002,3.184,4.981,5.504,19.96,108.13,44.44,20.37,57.33,52.15,12.425,215.9,9766.3,8401.2,90.44,910664,138.845,89.1892,99.6709,99.5994,97.8297,100.317,100.076,98.534,97.8483,98.7203,86.9915,91.9361,87.2623,72.3426,142005,133894,5.7,15.4,3078,2411,2688,1355,1333,131268,24166,516.9,6780,16831,9987,107102,6917,23452,7618,21122,39.9,4.2,41.1,1646,164,345,729,408,1.38,1184.5,5496.5,3060.6,666.457,1020.5,1785.8,138.8,139.2,126.4,103.8,5726.4,198441,571135,1482,46.6,63.8,52.4,51.9
7/1/2002,2.8263,4.7802,5.4767,27.11,109.54,30.97,46.02,32.26,36.61,16.0024,257.9762,9764.4,8380.9,91.506,922531,140.687,90.0659,100.231,100.478,101.398,100.104,99.708,100.962,100.884,101.111,88.3208,95.6311,88.1028,73.3887,142390,134045,5.9,16.4,2896,2464,2883,1349,1533,130774,23828,507.6,6525,16751,9924,106946,6682,23323,7737,21211,39.8,4.1,40.7,1649,158,363,746,382,1.35,1197.6,5638.9,3090.2,682.308,987.6,1869.5,138.6,139.2,127.7,106.5,5904.1,204081,593815,1591,45,51.9,50.2,68.3
1/1/2003,1.582,3.8175,4.7792,28.62,123.89,40,32,42.52,47.23,18.7785,222.2454,9761,8361.2,92.347,927075,111.129,90.5726,100.611,100.613,103.084,99.6013,100.071,101.363,102.411,100.225,88.6879,96.0966,85.8568,73.6756,145838,137536,5.7,18.4,2772,2577,3140,1457,1683,130804,23557,505.5,6567,16441,9689,107247,6635,23249,7816,21366,39.8,4.1,40.8,1850,135,354,839,522,1.36,1213.4,5820.2,3161.9,701.416,960.6,2038.4,141.1,142.5,131.4,128,6143.1,199409,601848,1722.3,47.4,58.2,51.3,57.5
11/1/2002,1.7636,4.0045,5.0408,29.3,135.24,51.47,27.94,58.11,52.28,24.4694,302.5524,9758.4,8369.4,91.626,926270,110.796,90.4792,100.788,101.019,103.01,100.205,100.258,101.07,101.851,100.531,88.6664,99.3543,88.2158,73.6615,142733,134225,6,17.7,2904,2490,3022,1288,1734,130875,23643,506.5,6541,16551,9765,107232,6652,23253,7821,21354,39.7,4.1,40.7,1697,136,357,773,431,1.36,1200.6,5801.2,3150.5,693.661,970.6,2002,140,140.9,129.9,116.6,6132.8,196494,594256,1695,44.8,49.9,48.5,55.7
8/1/2002,2.1213,4.3893,5.285,36.95,132.7,34.21,31.58,44,40.63,14.2877,324.074,9750.2,8367.7,91.613,929503,140.542,90.0883,100.248,100.213,101.238,99.7956,100.471,101.284,102.022,101.141,88.5107,93.5884,88.2728,73.5419,142616,134474,5.7,16.2,2880,2431,2783,1309,1474,130842,23787,507.4,6553,16682,9879,107055,6671,23286,7744,21272,39.9,4.2,40.8,1609,174,295,768,372,1.34,1184,5685.6,3102.5,684.526,987.2,1901.6,138.7,139.3,128,108.3,5961.2,203145,592551,1625.1,46.8,50.6,50.3,61.5
10/1/2002,1.7789,3.7152,4.7457,34.12,144.58,24.51,47.06,44.55,43.79,18.4102,317.4808,9748.2,8359.7,91.405,920024,139.293,90.1317,100.124,100.136,100.02,100.195,99.8978,100.602,101.522,100.373,88.274,98.4066,84.3996,73.3383,143123,134914,5.7,17.5,2715,2471,2980,1324,1656,130895,23695,506.6,6540,16602,9801,107200,6652,23298,7803,21317,39.7,4.1,40.7,1603,143,301,701,458,1.36,1201.5,5759.1,3131.5,690.441,972.2,1970.3,140,140.9,129.8,112.6,6000.9,205316,593108,1643.8,46.4,52.1,49,58.3
3/1/2001,4.406,4.874,5.293,28.08,110.14,45.95,33.78,32.09,39.25,24.075,259.6,9748,8477.4,87.905,908972,146.466,91.439,102.145,98.0692,95.4021,99.1178,113.573,101.008,102.121,98.855,89.0783,92.6102,83.1303,75.4678,141868,135780,4.3,13,2674,1992,1517,814,703,132221,25487,534.8,6893,18042,10841,106734,7069,23304,7706,20585,40.1,3.8,40.7,1613,157,353,700,403,1.37,1111.2,5099.5,2867.4,606.184,1118,1679.1,141.2,142.2,131,132.4,4938.8,149980,507303,1344.9,39.9,41.5,43.1,49.9
11/1/2001,2.487,4.24,4.803,32.31,116.71,35,33.33,51.48,47.35,14.6,249,9721.8,8378.9,89.941,909049,137.139,88.2761,98.7591,97.6082,94.6603,98.7552,101.155,96.7313,95.4028,96.7613,85.642,86.1683,86.2248,71.4332,142244,134084,5.7,14.5,3157,2600,2398,1230,1168,131431,24580,527.8,6852,17161,10247,106851,6946,23403,7636,20994,39.8,3.7,40.3,1645,173,382,718,372,1.39,1158.1,5413.2,3016.6,644.536,1036.2,1742.6,138.5,138.7,127,102.7,5588.9,198669,560789,1474.2,36.4,49.1,44.1,32
2/1/2001,4.555,5.086,5.46,21.66,104.67,50,19.23,59.5,52.71,36.6,249.4,9718.9,8459,87.993,919579,146.001,91.6003,102.377,98.2373,93.0436,100.222,114.496,101.607,102.525,100.569,89.3745,94.1838,83.3521,75.9372,141751,135815,4.2,12.9,2797,1669,1490,793,697,132237,25564,531.8,6891,18122,10903,106673,7071,23287,7692,20539,39.9,3.8,40.6,1647,150,363,758,376,1.37,1101,5042.8,2836.1,606.969,1114.2,1665.7,141.9,143.2,131.8,141.7,4849.8,147899,504435,1353.8,37.8,39.9,42.1,55.6
10/1/2001,2.803,4.54,5.373,32.32,118.62,51.11,22.22,39.82,37.95,24,252,9700.4,8367.7,90.358,913843,139.307,88.6385,99.0564,97.6333,92.7993,99.4877,102.027,97.4129,96.0684,97.5238,85.9102,90.3305,86.834,71.744,142303,134562,5.4,13,3165,2570,2062,1174,888,131767,24699,529.8,6832,17301,10349,107068,6965,23441,7633,21027,39.6,3.8,40.4,1552,140,328,744,340,1.39,1157,5400.1,2990.7,644.215,1047.7,1726.6,139,139.4,127.6,97.4,5513.4,184813,545383,1456.3,35.6,38.9,40.8,33.3
1/1/2001,5.104,5.114,5.458,26.85,104.91,40,32,46.59,45.32,51.475,293.6,9693,8439.1,87.886,916056,146.997,92.2927,103.01,98.8931,93.1151,101.1,115.281,101.913,103.214,100.787,89.9286,98.3984,82.2739,76.6406,141955,135999,4.2,12.6,2613,1977,1371,731,640,132129,25645,528.3,6861,18239,10961,106484,7080,23283,7689,20468,40.3,4.1,40.9,1651,126,367,743,415,1.37,1102.3,4996.5,2821.8,600.785,1106,1652.5,141.7,142.8,132.1,165.6,4745.2,145506,499626,1358,42.3,38.4,42.3,64.6
5/1/2001,4.227,5.292,5.742,24.2,105.05,46.55,31.03,63.27,54.31,44.4,218.8,9691.9,8399.7,88.381,911571,143.12,90.5852,101.474,98.5093,96.1628,99.4364,109.225,99.8164,100.641,97.7867,88.1279,88.9307,83.6644,74.2751,141272,135103,4.4,12.2,2679,2028,1484,852,632,132453,25325,535.3,6882,17879,10775,107128,7040,23513,7648,20759,40,3.9,40.8,1622,132,344,724,422,1.42,1117.4,5166.9,2883.4,613.137,1103.2,1693.6,142.3,143.6,131.1,130.5,5100.8,161912,515086,1369.2,35.1,44.9,41.3,45.1
8/1/2001,3.813,5.071,5.526,20.56,92.26,29.52,38.1,52.06,49.03,14.325,189.9,9688.4,8398.9,89.11,907158,141.499,89.4291,100.156,97.9381,94.8486,99.1364,105.379,98.2505,98.0906,97.2726,86.6616,91.7653,83.377,72.5914,141350,134393,4.9,13.3,3004,2100,1817,982,835,132331,24989,534.5,6878,17545,10532,107342,7017,23570,7623,20920,39.8,4.2,40.7,1527,155,339,666,367,1.42,1143.1,5285,2938.1,627.37,1057.4,1705.6,140.7,141.3,129.1,112.3,5269.6,171176,537597,1418.6,41.3,54.3,46.3,35
6/1/2001,4.213,5.364,5.705,21.59,96.78,49.35,28.57,50.37,51.5,28.65,203.6,9684.5,8390.9,88.411,897029,142.501,90.1969,101.167,98.3812,95.5861,99.4678,108.083,98.9061,99.4964,96.9882,87.5064,88.0828,84.2256,73.583,141354,134932,4.5,13,2809,2084,1540,804,737,132383,25213,535.4,6879,17769,10697,107170,7024,23549,7639,20790,40,4,40.7,1658,143,346,762,407,1.43,1123.5,5207.7,2897.4,613.644,1080.9,1696.5,141.8,142.8,130.9,119.9,5186.2,159785,525218,1378.8,35.7,47.8,43.2,42.8
12/1/2000,5.604,5.503,5.635,27.48,87.69,60.42,16.67,36.16,40.08,46.925,284.7,9632.7,8399.1,87.909,922243,147.306,92.6541,103.516,99.727,94.7764,101.63,115.568,103.006,104.238,101.127,90.519,99.3082,81.502,77.3913,141489,135836,4,12.6,2440,1852,1326,675,651,131953,25564,526.3,6725,18301,11027,106389,7091,23238,7664,20468,40,4,40.4,1575,159,255,708,453,1.36,1089.1,4933.3,2806.8,596.332,1088.2,1650.5,140.5,141.2,131.3,141.1,4660.4,149144,495908,1335.1,42.7,42.1,43.9,59.8
9/1/2000,6.078,5.679,5.661,17.53,77.86,55.88,17.65,63.18,57.07,41.15,249.1,9620.8,8402.9,87.41,928741,145.96,93.0677,103.751,100.136,100.361,100.087,116.39,104.559,106.691,103.551,91.6466,92.2018,84.5304,79.1692,140639,135161,3.9,11.9,2487,1717,1226,602,624,131768,25606,525.8,6705,18365,11045,106162,7065,23189,7622,20462,40.5,4.4,41.2,1530,160,296,671,403,1.33,1094.9,4860.9,2782.8,590.335,1082.3,1627.2,139,139.4,130.3,125.6,4557.4,152007,466633,1326.2,50.6,48.9,49.7,58.4
8/1/2000,6.237,5.984,5.727,20.55,87.33,42.86,20,42.76,47.62,48.4,233.6,9615,8397.8,86.729,920508,145.681,92.4636,102.894,99.0498,99.2936,98.9969,115.317,104.25,106.177,103.514,91.2993,89.4624,82.7691,79.158,140742,134912,4.1,13,2594,1846,1384,679,705,131491,25677,521.2,6673,18465,11115,105814,7058,23161,7614,20465,40.6,4.5,41.3,1531,145,304,712,370,1.34,1101.8,4827.9,2779,588.066,1082.6,1616.6,137.9,138,129.3,117.6,4510,150521,456248,1314.8,48.8,50,49.9,58.1
11/1/2000,5.872,5.742,5.78,24.28,77.96,64.1,17.95,54.27,49.32,39.175,270.8,9610.2,8395.9,87.449,915697,148.602,92.7064,103.441,99.3491,96.2731,100.55,116.325,103.75,105.146,102.424,91.0582,94.9282,83.2905,78.1119,141052,135373,4,12.4,2547,1783,1331,735,596,131894,25656,526.5,6736,18378,11068,106238,7102,23236,7648,20440,40.5,4.3,41.1,1562,139,314,680,429,1.36,1090.7,4886.8,2790.1,595.168,1080.3,1645.8,140.2,140.9,130.7,129.1,4600.4,153188,490228,1303,47.1,49.1,48.5,58.1
6/1/2000,6.587,6.191,5.943,22.36,101.26,41.67,37.5,54.98,51.79,116.775,257.9,9529.2,8322.7,86.221,925167,144.602,92.8616,103.475,99.8688,100.855,99.5234,115.464,104.973,106.684,105.731,91.8378,89.9892,83.3746,80.2359,140762,135179,4,12.4,2595,1759,1242,593,649,131601,25700,519,6673,18488,11121,105901,7031,23130,7593,20808,40.7,4.6,41.6,1554,141,279,772,362,1.32,1102.2,4776.8,2759.6,586.562,1057,1583.9,138.1,138.4,129.3,124.8,4427.5,143115,440928,1296.8,50.7,50,51.4,62.9
5/1/2000,6.719,6.278,5.988,25.88,103.12,61.29,14.52,52.5,52.37,66.35,233.2,9507.6,8288.6,86.042,919328,144.159,92.8537,103.359,99.7917,101.075,99.3276,115.35,104.74,105.74,106.115,91.6682,90.2358,83.2201,80.4105,140489,134715,4.1,12.6,2531,1953,1337,677,660,131654,25670,519.7,6663,18469,11103,105984,7047,23136,7607,21012,40.7,4.5,41.4,1592,151,339,728,374,1.32,1104.9,4759.1,2765.8,587.124,1060.3,1562.5,137,136.9,128.2,115.1,4414.9,140410,432485,1301.6,53,51.5,53.2,65.7
3/1/2000,6.504,6.386,6.158,21.64,104.14,41.38,31.03,47.92,47.83,34,178.4,9434.6,8254.4,85.767,915931,142.017,91.9835,101.848,98.5513,99.7785,98.1037,112.488,103.801,104.256,106.388,91.0967,80.5328,85.5238,80.5797,140867,135159,4.1,12.8,2824,1719,1295,657,637,130715,25471,512.8,6574,18359,10978,105306,7142,23041,7689,20540,40.9,4.6,41.6,1604,159,320,746,379,1.31,1110.7,4718,2742.8,583.99,1029.6,1519.9,137.3,137.4,128.4,113.2,4386.6,136746,423324,1275.6,51.2,56.2,54.9,78.7
2/1/2000,6.574,6.619,6.423,23.45,104.72,53.7,20.37,47.25,50,38.325,160.1,9414.8,8233.9,85.277,907816,142.075,91.81,101.711,98.915,100.174,98.4502,110.853,103.132,103.136,105.978,90.4765,88.2238,82.8726,80.3749,141165,135362,4.1,12.5,2603,1864,1277,673,604,130325,25400,512.9,6483,18387,10994,104925,7115,23041,7689,20381,41.1,4.8,41.9,1781,188,454,741,398,1.32,1105,4683.7,2741.9,589.772,1021.7,1504.5,136.6,136.5,127.5,111,4334.6,136610,422437,1251.3,53.6,58.7,55.8,71.6
12/1/1999,6.039,6.2,6.294,22.23,86.93,55,17,56.02,56.11,85.225,170,9267.9,8092.5,84.733,916163,140.492,91.5376,101.557,99.3606,98.2678,99.8401,108.698,102.314,100.777,107.08,90.1798,85.0473,84.0145,80.8113,140108,134420,4.1,12.8,2620,1694,1388,693,695,129869,25277,512.3,6385,18363,10959,104592,7082,22952,7690,20322,40.8,4.7,41.7,1712,156,405,801,350,1.32,1125.7,4662.8,2735.4,611.876,1008.7,1472,135.2,134.8,125.8,104.4,4317.3,129246,418351,1267.5,55.7,60.3,57.8,67.4
11/1/1999,5.82,6.048,6.179,22.09,94.25,38,24,61.44,54.95,104.225,174.2,9185.7,8013.9,83.676,911614,139.542,90.7683,100.715,98.3545,98.1482,98.4666,107.949,101.379,99.4268,106.953,89.5795,82.8455,83.6487,80.6268,139827,134085,4.1,12.9,2599,1780,1386,722,664,129545,25246,511.5,6368,18350,10945,104299,7072,22875,7675,20273,41,4.7,41.7,1600,147,356,680,417,1.33,1108.2,4627.2,2726.7,588.497,1003.7,1436.7,134.9,134.4,125.4,109.7,4268.9,125818,415134,1245.2,53.1,63.1,58.1,68.1
10/1/1999,5.696,5.974,6.134,24.93,107.58,35,23,39.3,43.53,122.6,175.6,9112.3,7940,83.28,905502,136.133,90.7334,100.829,98.4465,99.1177,98.1934,107.896,100.068,97.8064,105.676,89.0073,86.9128,85.2974,80.466,139662,133896,4.1,13.2,2471,1853,1427,711,716,129296,25180,510.9,6302,18349,10954,104116,7056,22825,7661,20260,40.9,4.6,41.7,1628,130,378,755,365,1.33,1098.6,4602.3,2716.7,572.948,983.7,1421.1,134.4,133.8,124.9,103.8,4237.2,124077,412327,1247.7,53,61.3,57.2,68.8
9/1/1999,5.723,5.976,6.078,22.93,108.26,35,25,47.54,48.86,58.75,181.4,9049.1,7879.3,83.135,899820,135.043,89.5622,99.341,96.6588,96.3031,96.8217,106.951,98.7813,95.7948,104.819,87.6629,88.4024,84.7184,79.6009,139386,133550,4.2,12.8,2589,1831,1392,698,694,128911,25141,509.6,6266,18351,10954,103770,7040,22833,7647,20182,41,4.7,41.8,1618,127,371,733,387,1.33,1092.7,4579.7,2710.3,564.087,980.8,1396.5,134.5,134,124.6,106.4,4207.9,122999,410375,1252.1,51.3,63.5,57,65.8
7/1/1999,5.578,5.84,6.011,19.69,103.94,35,27,65.73,58.44,64.95,156,9008.9,7845.7,82.303,893827,135.148,89.2909,99.0836,96.0869,95.2734,96.4316,107.146,98.7349,95.8469,103.995,87.4311,89.9738,83.5234,80.0879,139254,133307,4.3,13.6,2680,1766,1505,787,718,128745,25230,513.1,6282,18424,10998,103515,7005,22883,7652,20127,40.8,4.8,41.9,1661,169,297,763,432,1.34,1097.8,4542.3,2708.2,552.967,959.1,1354.6,132.7,131.7,123.4,97.3,4162.1,121359,401509,1218.8,50.4,54.6,53.6,55.5
6/1/1999,5.523,5.758,5.924,26.62,114.05,38,20,42.28,47.74,41.075,146.2,8993.1,7830.2,82.123,892526,134.184,89.1175,99.1164,96.5011,95.2262,97.035,106.146,97.4253,93.6371,104.62,87.0423,87.8204,82.3589,80.0743,139408,133432,4.3,14.5,2529,1736,1668,824,844,128397,25184,511.7,6264,18392,10957,103213,6982,22789,7642,20096,40.8,4.7,41.7,1571,159,359,701,352,1.34,1100.4,4522.8,2703.9,549.775,957.1,1353.8,132.4,131.3,122.6,97,4144.5,121128,397370,1199.8,51.3,59.4,55.8,54.2
3/1/1999,5.196,5.39,5.67,28.37,105.94,37,24,48,52.1,33.75,157,8950.1,7783.7,80.879,881700,132.755,88.8908,99.0573,96.7066,94.055,97.8179,104.811,95.802,90.7679,103.921,86.2191,88.5786,80.6466,80.3675,138816,133033,4.2,13.5,2478,1891,1434,736,697,127678,25182,527.3,6202,18448,10929,102496,6919,22825,7505,20118,40.5,4.5,41.6,1766,150,400,821,395,1.35,1100.7,4456.7,2679.4,539.007,947.4,1332.2,131.5,130,121.1,89.6,4049,116100,381846,1185.6,47.6,55.9,52.4,42.5
2/1/1999,4.645,4.753,5.183,27.67,86.88,47,20,60.75,60.39,44.538,171.7,8939.2,7779,80.481,883392,132.593,88.9947,99.3195,96.9527,94.5974,97.9397,105.022,95.1142,89.8987,103.815,86.2735,82.0628,81.3036,80.7904,139271,133144,4.4,13.8,2601,1944,1550,766,784,127610,25268,529.8,6239,18492,10962,102342,6908,22871,7488,20083,40.8,4.5,41.6,1799,209,349,872,369,1.37,1092.1,4446.2,2675.5,538.05,942.4,1331.8,131.2,129.5,120.8,89,4035.4,116088,379472,1207.6,45.8,55,51.7,35.2
4/1/1999,5.004,5.279,5.671,22.06,86.65,40,25,53.96,55.09,58.9,156.1,8937,7781.7,81.365,878842,133.966,88.9133,98.9281,96.4577,94.7798,97.1581,105.2,96.2704,91.823,103.898,86.496,87.5548,82.4905,80.2673,139091,133069,4.3,13.1,2788,1867,1446,773,673,127911,25155,521,6204,18420,10917,102756,6934,22897,7524,20137,40.7,4.4,41.7,1574,138,328,702,406,1.36,1107.8,4489.8,2677.8,539.471,954.1,1337.5,132.1,130.8,121.9,91.3,4093.8,118631,383576,1184.1,48.8,54,52.3,47.4
1/1/1999,4.554,4.654,5.095,24.42,121.13,41,22,65.52,62.59,60.363,194.6,8910.9,7751.8,80.082,869050,132.506,88.6901,98.8829,96.6993,93.9593,97.8517,104.064,94.411,88.9737,103.094,85.6232,87.3113,80.6062,80.5652,139347,133396,4.3,13.4,2353,2071,1469,753,716,127347,25255,536.9,6165,18544,10985,102092,6912,22741,7481,20056,40.8,4.5,41.5,1804,152,316,890,446,1.38,1090.1,4436.2,2659.6,531.623,942.6,1324.2,131.7,130.3,121.2,91,4005,113576,377337,1216.6,45.5,52.4,50.6,33.7
12/1/1998,4.439,4.649,5.036,24.97,88.99,48,17,65.44,61.63,79.072,192.1,8892.9,7746.1,80.191,870844,132.774,88.1457,97.9968,95.5822,93.6985,96.3715,103.504,94.1184,88.7397,102.871,85.368,81.7192,78.8494,80.7204,138547,132526,4.3,14.1,2614,1839,1578,754,824,127156,25272,546.1,6158,18557,10997,101884,6882,22707,7467,20035,41.1,4.5,41.8,1720,158,414,720,428,1.37,1092.6,4412.6,2651.6,526.388,947.8,1321,131.3,129.8,121.3,90.2,3971.1,113501,377026,1236.2,41.9,49.7,46.8,31.9
10/1/1998,4.15,4.298,4.882,43.48,141.17,32,33,38.35,42.46,107.65,197.2,8843,7706.2,79.33,859579,128.289,88.3282,98.4785,96.4415,93.5233,97.6791,102.939,93.2613,86.8089,102.681,84.7483,87.6922,76.0021,80.971,137976,131677,4.6,14.3,2857,1841,1589,699,890,126464,25183,553.1,5987,18631,11053,101281,6865,22598,7410,19966,40.9,4.5,41.8,1695,162,352,820,361,1.39,1078.6,4339.8,2617.3,520.861,943.4,1285.9,130.9,129.2,122.2,93.9,3857.8,107350,371648,1222,45.2,48,48.7,34.7
