Name,USGG2YR Index,USGG10YR Index,USGG30YR Index,VIX Index,MOVE Index,AAIIBULL Index,AAIIBEAR Index,SPX Index,SPX Index,.TED G Index,.BAA10YB Index,EOM
9/2/1998,4.929,5.068,5.333,36.76,105.16,23,45,30.84,38.46,70.375,170.2,TRUE
10/1/1998,4.15,4.298,4.882,43.48,141.17,32,33,38.35,42.46,107.65,197.2,TRUE
11/2/1998,4.277,4.764,5.244,27.26,125.43,43,21,69.22,58.36,86.531,194.6,TRUE
12/1/1998,4.439,4.649,5.036,24.97,88.99,48,17,65.44,61.63,79.072,192.1,TRUE
1/1/1999,4.554,4.654,5.095,24.42,121.13,41,22,65.52,62.59,60.363,194.6,TRUE
2/1/1999,4.645,4.753,5.183,27.67,86.88,47,20,60.75,60.39,44.538,171.7,TRUE
3/1/1999,5.196,5.39,5.67,28.37,105.94,37,24,48,52.1,33.75,157,TRUE
4/1/1999,5.004,5.279,5.671,22.06,86.65,40,25,53.96,55.09,58.9,156.1,TRUE
5/3/1999,5.058,5.359,5.655,24.15,85.69,41,27,58.22,57.71,41.275,151.1,TRUE
6/1/1999,5.523,5.758,5.924,26.62,114.05,38,20,42.28,47.74,41.075,146.2,TRUE
7/1/1999,5.578,5.84,6.011,19.69,103.94,35,27,65.73,58.44,64.95,156,TRUE
8/2/1999,5.647,5.916,6.121,25.59,106.19,42,20,37.92,46.82,57.775,167.4,TRUE
9/1/1999,5.723,5.976,6.078,22.93,108.26,35,25,47.54,48.86,58.75,181.4,TRUE
10/1/1999,5.696,5.974,6.134,24.93,107.58,35,23,39.3,43.53,122.6,175.6,TRUE
11/1/1999,5.82,6.048,6.179,22.09,94.25,38,24,61.44,54.95,104.225,174.2,TRUE
12/1/1999,6.039,6.2,6.294,22.23,86.93,55,17,56.02,56.11,85.225,170,TRUE
1/3/2000,6.384,6.592,6.622,24.21,102.95,60,15,62.64,60.25,59.025,149.8,TRUE
2/1/2000,6.574,6.619,6.423,23.45,104.72,53.7,20.37,47.25,50,38.325,160.1,TRUE
3/1/2000,6.504,6.386,6.158,21.64,104.14,41.38,31.03,47.92,47.83,34,178.4,TRUE
4/3/2000,6.419,5.965,5.812,24.03,102.95,38.89,50,62.34,58.49,44.1,230.5,TRUE
5/1/2000,6.719,6.278,5.988,25.88,103.12,61.29,14.52,52.5,52.37,66.35,233.2,TRUE
6/1/2000,6.587,6.191,5.943,22.36,101.26,41.67,37.5,54.98,51.79,116.775,257.9,TRUE
7/3/2000,6.294,5.989,5.867,19.83,99.87,26.67,40,54.6,52.61,87.5,241.1,TRUE
8/1/2000,6.237,5.984,5.727,20.55,87.33,42.86,20,42.76,47.62,48.4,233.6,TRUE
9/1/2000,6.078,5.679,5.661,17.53,77.86,55.88,17.65,63.18,57.07,41.15,249.1,TRUE
10/2/2000,5.97,5.823,5.923,21.23,83.08,53.33,6.67,39.81,44.76,59.538,234.7,TRUE
11/1/2000,5.872,5.742,5.78,24.28,77.96,64.1,17.95,54.27,49.32,39.175,270.8,TRUE
12/1/2000,5.604,5.503,5.635,27.48,87.69,60.42,16.67,36.16,40.08,46.925,284.7,TRUE
1/1/2001,5.104,5.114,5.458,26.85,104.91,40,32,46.59,45.32,51.475,293.6,TRUE
2/1/2001,4.555,5.086,5.46,21.66,104.67,50,19.23,59.5,52.71,36.6,249.4,TRUE
3/1/2001,4.406,4.874,5.293,28.08,110.14,45.95,33.78,32.09,39.25,24.075,259.6,TRUE
4/2/2001,4.213,4.977,5.488,31.21,111.37,37.25,27.45,39.38,39.21,58.5,239.3,TRUE
5/1/2001,4.227,5.292,5.742,24.2,105.05,46.55,31.03,63.27,54.31,44.4,218.8,TRUE
6/1/2001,4.213,5.364,5.705,21.59,96.78,49.35,28.57,50.37,51.5,28.65,203.6,TRUE
7/2/2001,4.168,5.322,5.687,18.76,95.43,30.38,32.91,49.9,49.24,18.4,205.8,TRUE
8/1/2001,3.813,5.071,5.526,20.56,92.26,29.52,38.1,52.06,49.03,14.325,189.9,TRUE
9/3/2001,3.629,4.826,5.369,24.92,94.28,31.43,22.86,34.45,39.76,9.863,206.4,TRUE
10/1/2001,2.803,4.54,5.373,32.32,118.62,51.11,22.22,39.82,37.95,24,252,TRUE
11/1/2001,2.487,4.24,4.803,32.31,116.71,35,33.33,51.48,47.35,14.6,249,TRUE
12/3/2001,2.776,4.687,5.243,25.77,122.86,69.33,20,52.37,51.9,22.05,232.3,TRUE
1/1/2002,3.05,5.032,5.472,23.8,137.36,57.69,26.92,53.39,53.06,15.525,213.8,TRUE
2/1/2002,3.069,4.985,5.393,21.12,115.05,45.45,22.73,45.28,47.86,16.4,223.5,TRUE
3/1/2002,3.184,4.981,5.504,19.96,108.13,44.44,20.37,57.33,52.15,12.425,215.9,TRUE
4/1/2002,3.711,5.426,5.829,18.73,119.7,51.16,23.26,51.86,52.07,25.3,216.4,TRUE
5/1/2002,3.1875,5.0579,5.5638,20.06,101.09,36.67,23.33,40.18,43.61,15.8268,266.2069,TRUE
6/3/2002,3.1274,4.9972,5.5966,23.37,103.94,28.26,40.22,35.87,40.94,16.5611,217.2798,TRUE
7/1/2002,2.8263,4.7802,5.4767,27.11,109.54,30.97,46.02,32.26,36.61,16.0024,257.9762,TRUE
8/1/2002,2.1213,4.3893,5.285,36.95,132.7,34.21,31.58,44,40.63,14.2877,324.074,TRUE
9/2/2002,2.1411,4.1332,4.928,32.64,137.63,50,29.03,48.76,46.85,14.4414,299.6763,TRUE
10/1/2002,1.7789,3.7152,4.7457,34.12,144.58,24.51,47.06,44.55,43.79,18.4102,317.4808,TRUE
11/1/2002,1.7636,4.0045,5.0408,29.3,135.24,51.47,27.94,58.11,52.28,24.4694,302.5524,TRUE
12/2/2002,2.0724,4.2287,5.0444,27.46,127.52,51.06,31.91,59.61,55.06,20.2335,235.1303,TRUE
1/1/2003,1.582,3.8175,4.7792,28.62,123.89,40,32,42.52,47.23,18.7785,222.2454,TRUE
2/3/2003,1.7213,3.9916,4.8382,31.02,109.12,25.53,47.87,41.16,44.9,18.0816,200.8392,TRUE
3/3/2003,1.5,3.6728,4.6692,30.43,101.76,26.02,47.15,44.41,44.6,15.9371,197.7246,TRUE
4/1/2003,1.4734,3.8095,4.825,28.36,109.66,39.42,32.69,51.7,50,16.9274,179.0489,TRUE
5/1/2003,1.4654,3.8397,4.775,21.59,89.67,48.57,25.71,62.11,57.23,21.2229,142.0291,TRUE
6/2/2003,1.3058,3.4085,4.4213,20.85,101.65,62.86,14.29,68.22,61.93,16.1784,133.1525,TRUE
7/1/2003,1.3001,3.5471,4.586,19.46,100.56,71.43,8.57,53.41,57.03,23.3741,124.2872,TRUE
8/1/2003,1.773,4.3834,5.314,20.75,157.22,51.54,16.15,46.2,51.82,21.4044,115.6625,TRUE
9/1/2003,1.9598,4.4577,5.2217,18.63,126.55,56.7,22.68,61.26,57.08,16.911,106.2334,TRUE
10/1/2003,1.4416,3.9318,4.8902,21.07,118.24,57.28,22.33,52.7,53.74,21.2462,96.8191,TRUE
11/3/2003,1.8742,4.3403,5.1607,16.55,118.76,57.81,18.75,63.74,59.43,24.2818,80.9738,TRUE
12/1/2003,2.092,4.3846,5.151,16.77,113.14,60.38,20.75,63.69,59.14,27.1369,73.5411,TRUE
1/1/2004,1.8186,4.2455,5.0726,18.31,117.91,62.41,13.48,74.41,65.59,23.4886,66.4475,TRUE
2/2/2004,1.8028,4.1455,4.9833,17.11,116.21,56.88,15,57.17,60.47,21.3029,68.4531,TRUE
3/1/2004,1.649,3.973,4.8384,14.44,90.14,41.58,30.53,61.1,60.63,17.2395,71.701,TRUE
4/1/2004,1.6199,3.8786,4.8009,16.65,112.4,55.17,22.41,54.78,52.83,18.2724,78.1434,TRUE
5/3/2004,2.3065,4.4993,5.2779,16.62,123.06,50,21.21,44.84,48.02,21.197,75.0707,TRUE
6/1/2004,2.589,4.7001,5.3955,16.3,108.71,36.11,40.28,57.92,51.78,21.5888,82.9932,TRUE
7/1/2004,2.6366,4.5629,5.2865,15.2,99.72,56.97,15.76,49.89,51.29,38.9872,87.7149,TRUE
8/2/2004,2.6446,4.4491,5.1883,15.37,99.31,34,36,49.3,47.79,23.5169,87.0909,TRUE
9/1/2004,2.383,4.1128,4.9251,14.91,105.44,41.53,25.42,56.55,51.22,23.2509,87.7209,TRUE
10/1/2004,2.6216,4.1871,4.9436,12.75,93.08,41.07,39.29,61.05,56.02,34.7886,83.2939,TRUE
11/1/2004,2.5808,4.0698,4.8357,16.27,96.79,42.31,31.73,59.09,54.74,26.529,89.0217,TRUE
12/1/2004,3.005,4.3649,5.0113,12.97,88.23,49.48,26.8,67.31,63.21,20.6476,83.5057,TRUE
1/3/2005,3.0896,4.2104,4.8121,14.08,83.9,57.66,17.52,55.17,59.02,32.204,83.96,TRUE
2/1/2005,3.2799,4.1377,4.5944,12.03,75.96,26.43,36.43,54.05,53.55,24.0054,94.2311,TRUE
3/1/2005,3.5714,4.3647,4.7145,12.04,89.23,31.82,31.82,57.64,56.03,18.376,92.529,TRUE
4/1/2005,3.7251,4.4475,4.721,14.09,75.16,28.43,50.98,40.55,45.42,34.3974,120.2544,TRUE
5/2/2005,3.6249,4.1858,4.5132,15.12,82.3,29.75,34.71,48.54,47.14,33.1442,144.4231,TRUE
6/1/2005,3.4754,3.8844,4.2365,12.36,79.13,44.14,23.42,61.81,55.66,37.772,133.5641,TRUE
7/1/2005,3.7401,4.0489,4.2942,11.4,78.85,45.89,29.45,47.88,51.07,37.2535,127.1077,TRUE
8/1/2005,4.0313,4.3099,4.5084,12.08,76.52,57.52,17.65,59.64,58.07,28.6071,118.0126,TRUE
9/1/2005,3.7211,4.0307,4.3101,13.15,85.07,31.76,37.65,51.02,51.83,44.0097,117.9296,TRUE
10/3/2005,4.2065,4.3833,4.6211,12.46,80.3,31.88,39.13,52.58,52.02,51.8969,125.6743,TRUE
11/1/2005,4.3987,4.5629,4.7587,14.85,77.96,32.05,46.15,51.97,49.35,30.8029,134.7136,TRUE
12/1/2005,4.4318,4.5135,4.7146,11.24,73.5,52.47,23.46,65.96,60.36,47.7917,143.6505,TRUE
1/2/2006,4.3996,4.3911,4.5347,12.07,72.09,37.3,36.51,44.09,51.74,46.2692,125.892,TRUE
2/1/2006,4.5737,4.5551,4.7058,12.36,72.8,30.77,33.33,56.07,56.44,22.0182,123.4869,TRUE
3/1/2006,4.6995,4.5845,4.5585,11.54,58.31,43.21,28.4,57.03,56.01,23.575,123.5451,TRUE
4/3/2006,4.8414,4.8615,4.894,11.57,68.6,37.21,32.56,53.1,54.46,36.7198,122.8451,TRUE
5/1/2006,4.9497,5.1369,5.2268,12.54,63.9,42.11,35.96,53.04,54.06,36.2457,110.3108,TRUE
6/1/2006,5.0164,5.0984,5.1927,14.52,66.5,30.77,50,50.33,49.26,44.8695,123.1647,TRUE
7/3/2006,5.1664,5.1486,5.1995,13.05,65.5,38.6,39.77,58.4,52.11,47.4548,128.1365,TRUE
8/1/2006,4.9499,4.9753,5.0605,15.05,61.8,34.88,43.02,54.43,51.17,36.3648,130.4654,TRUE
9/1/2006,4.7579,4.7236,4.8716,11.96,56.7,41.57,25.84,67.61,58.8,38.4492,132.641,TRUE
10/2/2006,4.6414,4.6,4.7476,12.57,62.6,51.32,32.89,62.16,59.56,48.8379,135.0016,TRUE
11/1/2006,4.6426,4.5645,4.684,11.51,63.8,52.17,30.43,56.83,60.8,31.8847,129.5504,TRUE
12/1/2006,4.5168,4.4327,4.5463,11.66,72.25,40.22,47.49,57.73,60.77,34.8423,126.7327,TRUE
1/1/2007,4.808,4.7022,4.8096,11.56,66.8,46,36,55.56,59.58,35.4548,125.7762,TRUE
2/1/2007,4.9581,4.8346,4.9294,10.31,61.3,46.32,30.53,63.91,61.78,24.7179,119.5425,TRUE
3/1/2007,4.6089,4.5499,4.6758,15.82,72.9,36.63,39.6,33.65,44.34,22.4282,120.0059,TRUE
4/2/2007,4.5828,4.6403,4.8361,14.53,65.9,42.68,25.61,52.98,51.72,32.3102,124.9719,TRUE
5/1/2007,4.6242,4.6362,4.8151,13.51,58.9,39.24,37.97,65.19,61.12,47.9849,123.3805,TRUE
6/1/2007,4.9665,4.9516,5.0572,12.78,58,33.33,44.79,68.2,64.57,57.8771,121.8431,TRUE
7/2/2007,4.8415,4.9892,5.0896,15.4,76,39.02,35.77,53.64,54.52,49.6209,126.077,TRUE
8/1/2007,4.6,4.7919,4.9224,23.67,94.3,44.21,36.84,37.5,43.66,48.2091,157.8086,TRUE
9/3/2007,4.1321,4.5291,4.8224,23.38,111,40.3,46.27,52.04,49.42,156.331,170.0889,TRUE
10/1/2007,3.9999,4.5452,4.7863,17.84,104.9,49.37,34.18,65.42,57.7,133.1275,167.4831,TRUE
11/1/2007,3.7562,4.3458,4.6365,23.21,100.25,44.71,36.47,44.39,49.02,108.0713,169.4164,TRUE
12/3/2007,2.8483,3.8459,4.3253,23.61,136.1124,28.57,56.12,50.1,48.38,215.111,221.412,TRUE
1/1/2008,3.0463,4.0231,4.4522,22.5,145.4,30,50,47.65,48.21,138.1299,219.6855,TRUE
2/1/2008,2.0685,3.5926,4.3084,24.02,144.7,30.08,48.87,51.08,46.74,101.0725,245.737,TRUE
3/3/2008,1.6313,3.5468,4.4327,26.28,152.2,34.31,45.26,41.45,43.05,137.1227,265.323,TRUE
4/1/2008,1.79,3.5583,4.3993,22.68,141.9,41.6,33.6,57.45,51.39,129.6261,308.1734,TRUE
5/1/2008,2.367,3.763,4.4991,18.88,115.2,53.29,26.32,63.2,55.63,138.676,266.7031,TRUE
6/2/2008,2.5036,3.9571,4.67,19.83,130.5,31.36,45.76,47.07,50.28,84.8601,254.2858,TRUE
7/1/2008,2.6483,4.0021,4.5485,23.65,128.5,31.25,52.27,30.99,39.08,92.3365,279.795,TRUE
8/1/2008,2.4907,3.9307,4.5608,22.57,118.3,40,41.18,46.38,44.34,113.5205,298.9321,TRUE
9/1/2008,2.3669,3.8115,4.4227,20.65,103,30.68,45.45,50.58,48.63,109.9803,308.85,TRUE
10/1/2008,1.8157,3.7382,4.2147,39.81,200.5,34.04,45.74,42.82,43.42,334.7407,399.179,TRUE
11/3/2008,1.436,3.9141,4.3219,53.68,204.6,37.14,40.57,46.58,42.92,242.2329,627.5878,TRUE
12/1/2008,0.9014,2.7309,3.2136,68.51,213.3,31.25,44.89,41.68,41.3,217.9441,702.9105,TRUE
1/1/2009,0.7638,2.2123,2.6756,40,190,24,54.67,53.73,48.01,135.4016,713.77,TRUE
2/2/2009,0.8909,2.7226,3.4743,45.52,163.4,25.27,47.25,42.35,44.15,98.1527,610.7405,TRUE
3/2/2009,0.8671,2.8624,3.6106,52.65,164,24.3,55.14,27.47,36.5,103.2927,624.7574,TRUE
4/1/2009,0.8038,2.6539,3.5015,42.28,112.6,39.13,42.39,55.82,50.47,97.9074,660.6097,TRUE
5/1/2009,0.9068,3.1533,4.0703,35.3,129.2,36.09,43.61,61.03,55.45,86.3873,509.6749,TRUE
6/1/2009,0.9463,3.6726,4.5337,30.04,190.3,40.37,48.62,63.99,58.87,55.873,386.7413,TRUE
7/1/2009,1.0377,3.5365,4.3285,26.22,161.6,28,48.8,53.38,54.16,42.5212,337.3451,TRUE
8/3/2009,1.1833,3.6333,4.404,25.56,141.1,47.67,31.4,75.02,64.12,30.1478,268.6669,TRUE
9/1/2009,0.9049,3.3625,4.1923,29.15,135,33.98,48.54,49.46,55.68,20.5574,244.7495,TRUE
10/1/2009,0.8654,3.179,3.9557,28.27,112.6,43.55,35.48,45.78,54.03,19.0066,230.0989,TRUE
11/2/2009,0.9127,3.4145,4.2604,29.78,113.7,33.65,42.31,43.88,50.47,24.0849,207.5499,TRUE
12/1/2009,0.671,3.2822,4.2735,21.92,87.5,41.66,41.66,58.43,57.78,21.475,194.7787,TRUE
1/1/2010,1.1356,3.835,4.6281,21.68,107.5,49.18,22.95,53.98,55.9,19.4859,147.502,TRUE
2/1/2010,0.8512,3.6501,4.5617,22.59,85.3,35,36.67,40.94,47.17,16.4891,135.9867,TRUE
3/1/2010,0.7959,3.6079,4.5576,19.26,79.4,34.89,29.53,57.46,53.46,12.8974,136.2083,TRUE
4/1/2010,1.0558,3.8685,4.7278,17.47,89.8,41.3,31.16,70.36,62.84,13.9362,115.1526,TRUE
5/3/2010,0.992,3.682,4.5266,20.19,83.6,41.36,28.64,55.32,57.87,18.6305,114.8008,TRUE
6/1/2010,0.7658,3.2591,4.179,35.54,110.3,29.83,50.88,36.66,40.79,39.0201,172.0865,TRUE
7/1/2010,0.625,2.947,3.8944,32.86,93.8,24.68,41.99,31.22,38.58,36.7979,184.2952,TRUE
8/2/2010,0.5539,2.9609,4.0619,22.01,77.6,40,33.33,62.07,54.19,30.4727,157.9133,TRUE
9/1/2010,0.5011,2.573,3.6457,23.89,110.1,20.74,49.47,50.76,48.64,16.581,185.6989,TRUE
10/1/2010,0.4145,2.5097,3.7147,22.5,86.5,42.53,31.61,62.49,57.21,14.0521,172.0261,TRUE
11/1/2010,0.3435,2.6229,4.0029,21.83,98.7,51.23,21.6,64.03,60.35,18.4527,154.7065,TRUE
12/1/2010,0.5315,2.9642,4.2397,21.36,110.1,47.4,24.68,56.71,57.17,14.724,150.5767,TRUE
1/3/2011,0.5933,3.3324,4.3971,17.61,105.9,51.61,20.05,75.53,67.16,18.3137,129.7642,TRUE
2/1/2011,0.6013,3.4394,4.6165,17.63,97.2,42.04,34.29,66.27,65.39,16.0388,115.0627,TRUE
3/1/2011,0.6408,3.3921,4.4794,21.01,97.5,36.63,36.14,48.25,55.63,17.4607,112.7893,TRUE
4/1/2011,0.7976,3.4422,4.4853,17.4,87.5,41.81,31.07,60.23,57.37,24.5229,115.7826,TRUE
5/2/2011,0.6013,3.2788,4.3786,15.99,76.3,37.9,30.65,67.35,61.04,24.2581,108.1211,TRUE
6/1/2011,0.4331,2.9408,4.1415,18.3,72.9,25.61,41.42,42.62,47.86,21.2209,118.9195,TRUE
7/1/2011,0.4719,3.1823,4.3908,15.87,90.5,38.31,30.19,63.76,55.89,23.0499,123.7679,TRUE
8/1/2011,0.3671,2.7437,4.0795,23.66,84.1,37.84,31.42,39.34,45.22,18.6041,128.6273,TRUE
9/1/2011,0.18,2.1302,3.4945,31.82,98.8,38.62,32.34,49.62,46.28,31.9273,205.9803,TRUE
10/3/2011,0.2314,1.756,2.7246,45.45,105.7,32.51,46.79,36.24,40.34,38.2693,260.4037,TRUE
11/1/2011,0.2362,1.9889,2.9998,34.77,116,43,25,50.54,50.59,44.1836,213.1058,TRUE
12/1/2011,0.2539,2.0873,3.0912,27.41,100.8,33.04,39.42,55.49,52.53,53.2303,247.2714,TRUE
1/2/2012,0.2391,1.8762,2.8941,23.4,91.1,40.6,30.83,55.51,53.13,57.0833,243.3807,TRUE
2/1/2012,0.2225,1.8265,2.9919,18.55,72.7,48.4,18.91,67.03,59.58,48.1176,220.3511,TRUE
3/1/2012,0.2893,2.0261,3.1476,17.26,77.4,44.51,26.83,70.03,63.81,40.8521,184.3931,TRUE
4/2/2012,0.3229,2.182,3.3281,15.64,75.6,42.47,25.48,66.8,64.3,40.7141,179.7958,TRUE
5/1/2012,0.2657,1.9435,3.146,16.6,67,27.64,37.4,57.83,56.89,37.9415,194.6473,TRUE
6/1/2012,0.2461,1.452,2.5194,26.66,80.6,28.02,42.02,28.47,37.12,40.1937,237.7982,TRUE
7/2/2012,0.2933,1.5885,2.6962,16.8,71.6,28.67,44.37,59.94,54.06,38.9616,224.1491,TRUE
8/1/2012,0.2271,1.524,2.5973,18.96,74.1,28.12,43.13,56.94,54.14,35.0329,205.6046,TRUE
9/3/2012,0.2205,1.5484,2.6723,17.47,68.7,34.72,32.64,56.13,56.21,34.3366,195.1586,TRUE
10/1/2012,0.2343,1.6249,2.8199,16.32,59.4,36.1,36.46,55.42,57.76,27.4123,173.507,TRUE
11/1/2012,0.2814,1.7242,2.901,16.69,72,35.74,40.98,47.67,50.98,22.1479,150.5794,TRUE
12/3/2012,0.25,1.6207,2.7987,16.64,51,40.93,34.36,52.54,50.15,23.4445,160.9301,TRUE
1/1/2013,0.2468,1.7574,2.9499,18.02,59.4,44.4,30.22,53.06,52.12,26.5441,146.2602,TRUE
2/1/2013,0.2618,2.0149,3.2178,12.9,65,48.04,24.3,71.68,64.47,22.9587,134.5082,TRUE
3/1/2013,0.2342,1.8412,3.0506,15.36,55,28.39,36.59,56.64,57.97,18.2687,140.8771,TRUE
4/1/2013,0.2382,1.8314,3.0743,13.58,56.1681,38.4,28.65,59.65,60.47,23.697,142.8606,TRUE
5/1/2013,0.1996,1.629,2.8278,14.49,49.0404,28.29,38.82,55.16,56.62,22.2399,143.1,TRUE
6/3/2013,0.2914,2.1193,3.2661,16.28,79.2288,35.97,29.64,53.67,57.86,24.7901,126.0651,TRUE
7/1/2013,0.3514,2.4765,3.4775,16.37,101.318,30.28,35.17,49.35,51.2,26.2961,141.3453,TRUE
8/1/2013,0.3247,2.706,3.7542,12.94,91.3993,35.62,25,69.25,62.18,23.0111,115.401,TRUE
9/2/2013,0.3987,2.7839,3.6995,17.01,103.5277,33.54,30.75,37.37,45.85,23.9221,114.6085,TRUE
10/1/2013,0.3287,2.65,3.7171,15.54,87.3693,36.05,30.61,54.22,54.6,23.0641,122.9987,TRUE
11/1/2013,0.3091,2.6218,3.6961,13.28,69.5623,44.97,21.48,64.06,60.8,20.2261,111.8185,TRUE
12/2/2013,0.2854,2.7951,3.856,14.23,73.1473,47.3,28.25,62.65,61.58,18.8149,94.4857,TRUE
1/1/2014,0.3799,3.0282,3.9679,13.72,73.546,55.06,18.54,71.26,65.08,18.0186,76.1838,TRUE
2/3/2014,0.2942,2.5761,3.5307,21.44,65.7989,32.18,32.76,31.24,41.3,21.0251,96.3889,TRUE
3/3/2014,0.3012,2.6012,3.5542,16,57.754,39.69,21.13,57.6,55.96,19.002,86.8821,TRUE
4/1/2014,0.4301,2.7525,3.6059,13.1,61.526,31.16,28.61,61.22,58.23,19.2611,81.748,TRUE
5/1/2014,0.4065,2.6133,3.4132,13.25,58.8385,29.77,29.45,57.26,55.25,20.2571,75.6694,TRUE
6/2/2014,0.3868,2.5267,3.3691,11.58,59.7275,36.46,23.2,66.16,59.75,20.1801,79.3291,TRUE
7/1/2014,0.4645,2.5647,3.3983,11.15,58.2541,37.22,21.09,69.54,63.84,21.1521,74.5304,TRUE
8/1/2014,0.4723,2.4925,3.2807,17.03,52.2603,31.12,31.12,34.29,46.4,21.7821,83.7462,TRUE
9/1/2014,0.4882,2.3431,3.0792,11.98,60.4894,51.92,19.23,66.34,60.33,21.3321,88.692,TRUE
10/1/2014,0.5158,2.3856,3.0919,16.71,64.2874,41.84,28.23,36.81,45.03,22.2461,104.4438,TRUE
11/3/2014,0.5114,2.3425,3.0638,14.73,67.4482,49.37,21.07,65.25,57.72,22.728,114.7541,TRUE
12/1/2014,0.4961,2.235,2.9628,14.29,67.2825,52.15,20.79,61.69,59.38,22.4461,125.5017,TRUE
1/1/2015,0.6645,2.1712,2.7518,19.2,68.9385,51.74,19.31,51.9,54.3,22.0111,141.8797,TRUE
2/2/2015,0.4586,1.6642,2.2503,19.43,88.1382,44.17,22.39,47.71,49.19,24.703,162.5825,TRUE
3/2/2015,0.6621,2.082,2.6814,13.04,90.1989,45.37,20.3,63.82,58.35,25.0811,140.7992,TRUE
4/1/2015,0.5355,1.8573,2.4651,15.11,85.6212,38.43,24.38,45.4,48.97,25.5541,148.2733,TRUE
5/1/2015,0.595,2.1135,2.8273,12.7,78.8811,30.84,21.95,54.18,53.52,27.9739,143.6476,TRUE
6/1/2015,0.6447,2.1794,2.9338,13.97,83.5495,27,25.14,50.5,52.11,28.2489,152.0649,TRUE
7/1/2015,0.6882,2.4219,3.2015,16.09,90.2884,35.56,21.67,43.14,46.91,26.8349,150.8099,TRUE
8/3/2015,0.6646,2.148,2.852,12.56,74.7474,21.11,40.7,49.84,50.12,23.7606,173.2021,TRUE
9/1/2015,0.704,2.1524,2.915,31.4,88.6754,32.5,38.27,34.13,37.53,29.8413,192.7564,TRUE
10/1/2015,0.6447,2.0368,2.8499,22.55,81.5384,28.11,39.92,43.61,43.16,34.9415,202.3242,TRUE
11/2/2015,0.7531,2.1709,2.9437,14.15,73.2086,40.39,20.59,68.76,58.85,28.3261,189.9133,TRUE
12/1/2015,0.9067,2.1431,2.9019,14.67,70.9762,32.36,26.03,60.91,56.7,22.3851,193.6903,TRUE
1/1/2016,1.0477,2.2694,3.0158,18.21,67.8473,25.07,23.62,47.57,49.3,44.997,202.0596,TRUE
2/1/2016,0.7975,1.9486,2.7618,19.98,73.4583,29.75,39.96,49.2,46.18,31.8472,245.1448,TRUE
3/1/2016,0.8391,1.8249,2.6978,17.7,84.2161,31.19,31.42,60.26,52.6,30.6,245.5117,TRUE
4/1/2016,0.7224,1.7705,2.5997,13.1,66.997,27.18,25.76,70.36,59.96,40.5314,201.9494,TRUE
5/2/2016,0.7896,1.8723,2.7245,14.68,64.6808,27.37,28.6,55.78,56.57,44.8434,173.7663,TRUE
6/1/2016,0.8988,1.8354,2.6164,14.2,68.7501,17.75,29.39,61.2,57.26,39.2133,182.4573,TRUE
7/1/2016,0.5893,1.4441,2.2253,14.77,74.3476,28.91,33.42,55.5,54.11,39.9726,187.5864,TRUE
8/1/2016,0.6848,1.5214,2.2695,12.44,63.6696,31.25,28.41,62.74,59.43,50.5476,171.8562,TRUE
9/1/2016,0.7816,1.5681,2.2299,13.48,70.2452,28.6,31.52,50.01,55.08,51.0966,164.1948,TRUE
10/3/2016,0.7916,1.6221,2.3397,13.57,60.4308,24,37.11,50.33,51.37,55.8582,161.7908,TRUE
11/1/2016,0.8311,1.8274,2.5774,18.56,67.764,24.75,34.07,35.73,43.65,52.988,150.2646,TRUE
12/1/2016,1.147,2.4481,3.1085,14.07,86.6292,43.78,25.1,57.93,55.71,47.4744,136.1894,TRUE
1/2/2017,1.1883,2.4443,3.0651,14.04,71.6297,45.57,25.74,51.68,56.48,50.0502,127.5676,TRUE
2/1/2017,1.2125,2.4699,3.0753,11.81,70.8378,31.58,33.49,55.67,58.23,53.2056,124.0127,TRUE
3/1/2017,1.2842,2.4526,3.0608,12.54,70.1326,38.46,32.31,81.69,73.03,47.3353,120.7372,TRUE
4/3/2017,1.2261,2.3193,2.9532,12.38,61.228,30.22,37.38,51.58,56.8,39.3136,131.0696,TRUE
5/1/2017,1.2739,2.318,3.0023,10.11,59.3993,38.05,31.71,62.05,59.52,36.9843,128.2042,TRUE
6/1/2017,1.2898,2.2114,2.8626,9.89,53.9973,26.92,31.54,66.98,62.33,24.7479,126.8551,TRUE
7/3/2017,1.4101,2.3499,2.8669,11.22,55.2549,29.71,26.86,51.76,55.23,27.9338,119.014,TRUE
8/1/2017,1.3411,2.2532,2.8567,10.09,49.9721,34.46,24.32,64.39,61.38,24.3112,113.6785,TRUE
9/1/2017,1.342,2.1657,2.777,10.13,49.4378,25,39.89,60.13,56.88,31.6347,123.4318,TRUE
10/2/2017,1.4828,2.3408,2.8736,9.45,54.4569,33.33,28.74,72.05,63.96,31.5423,110.9228,TRUE
11/1/2017,1.6119,2.3721,2.8579,10.2,49.9351,39.64,33.03,67.25,65.57,22.5656,107.7877,TRUE
12/1/2017,1.772,2.3615,2.7615,11.43,50.1704,35.95,31.62,73.11,69.03,23.6179,118.8455,TRUE
1/1/2018,1.883,2.4054,2.7399,11.04,46.5962,52.65,20.63,60.95,64.52,31.855,113.4567,TRUE
2/1/2018,2.1609,2.7896,3.0241,13.47,57.8349,44.77,28.76,63.87,68.43,30.8939,96.0369,TRUE
3/1/2018,2.2117,2.8078,3.0834,22.47,63.6636,41.63,20,43.55,47.73,41.3717,114.218,TRUE
4/2/2018,2.2459,2.7298,2.9619,23.62,58.6648,31.94,35.33,36.84,42.1,59.6442,130.0191,TRUE
5/1/2018,2.5042,2.9644,3.1287,15.49,51.7834,36.91,25.55,47.99,48.22,52.2875,128.5634,TRUE
6/1/2018,2.4716,2.9022,3.0506,13.46,56.9385,35.02,26.35,56.92,53.74,41.3231,134.7817,TRUE
7/2/2018,2.5485,2.8711,2.9929,15.6,50.2512,28.45,40.8,47.02,50.48,41.7559,147.8894,TRUE
8/1/2018,2.6776,3.0064,3.1321,13.15,48.3833,31.52,26.9,56.6,56.31,33.0651,130.3604,TRUE
9/3/2018,2.6269,2.8604,3.0191,12.86,50.7097,43.5,24.39,66.34,62.02,22.1809,138.9644,TRUE
10/1/2018,2.8189,3.0836,3.2343,12,44.2847,36.22,31.1,62.53,60.85,20.4454,127.6388,TRUE
11/1/2018,2.8445,3.1303,3.376,19.34,58.5415,37.93,34.48,45.61,44.67,26.6836,145.9661,TRUE
12/3/2018,2.8211,2.9697,3.2535,16.44,50.3104,33.88,39.47,58.35,51.89,41.9235,173.0311,TRUE
1/1/2019,2.4878,2.6842,3.0145,25.42,66.5828,31.55,50.3,41.71,40.89,45.2702,191.5791,TRUE
2/1/2019,2.5019,2.6842,3.0253,16.14,48.7887,31.76,31.76,63.93,54.5,34.6637,162.5793,TRUE
3/1/2019,2.5526,2.7531,3.1226,13.57,47.9044,41.63,20,69.35,59.73,16.8921,155.6899,TRUE
4/1/2019,2.3326,2.5009,2.8901,13.4,52.6899,33.2,27.2,65.61,60.78,21.7352,152.9091,TRUE
