"","DATE","MONTH","QUARTER","CSI_ID","CSI_VALUE"
"1","06/30/2013",Jun 2013,2013 Q2,"CO_oil1",NA
"2","07/31/2013",Jul 2013,2013 Q3,"CO_oil1",0.0524691743827159
"3","08/31/2013",Aug 2013,2013 Q3,"CO_oil1",0.00879761697955953
"4","09/30/2013",Sep 2013,2013 Q3,"CO_oil1",-0.00290694040697677
"5","10/31/2013",Oct 2013,2013 Q4,"CO_oil1",-0.0142129003566727
"6","11/30/2013",Nov 2013,2013 Q4,"CO_oil1",-0.0118299080158931
"7","12/31/2013",Dec 2013,2013 Q4,"CO_oil1",0.0362888514777404
"8","01/31/2014",Jan 2014,2014 Q1,"CO_oil1",-0.0296029592201097
"9","02/28/2014",Feb 2014,2014 Q1,"CO_oil1",0.065848253937807
"10","03/31/2014",Mar 2014,2014 Q1,"CO_oil1",-0.00104708551483421
"11","04/30/2014",Apr 2014,2014 Q2,"CO_oil1",-0.00559056584239807
"12","05/31/2014",May 2014,2014 Q2,"CO_oil1",0.0354884060255941
"13","06/30/2014",Jun 2014,2014 Q2,"CO_oil1",0.0437733642271247
"14","07/31/2014",Jul 2014,2014 Q3,"CO_oil1",-0.0604681404421327
"15","08/31/2014",Aug 2014,2014 Q3,"CO_oil1",-0.0173010380622837
"16","09/30/2014",Sep 2014,2014 Q3,"CO_oil1",-0.0447183450704224
"17","10/31/2014",Oct 2014,2014 Q4,"CO_oil1",-0.108735684066925
"18","11/30/2014",Nov 2014,2014 Q4,"CO_oil1",-0.171629404466501
"19","12/31/2014",Dec 2014,2014 Q4,"CO_oil1",-0.216175775527919
"20","01/31/2015",Jan 2015,2015 Q1,"CO_oil1",-0.132484076433121
"21","02/28/2015",Feb 2015,2015 Q1,"CO_oil1",0.0741556534508078
"22","03/31/2015",Mar 2015,2015 Q1,"CO_oil1",-0.077922077922078
"23","04/30/2015",Apr 2015,2015 Q2,"CO_oil1",0.125277983691623
"24","05/31/2015",May 2015,2015 Q2,"CO_oil1",-0.0289855072463768
"25","06/30/2015",Jun 2015,2015 Q2,"CO_oil1",-0.00949796472184536
"26","07/31/2015",Jul 2015,2015 Q3,"CO_oil1",-0.172602739726027
"27","08/31/2015",Aug 2015,2015 Q3,"CO_oil1",0.0289735099337748
"28","09/30/2015",Sep 2015,2015 Q3,"CO_oil1",-0.086886564762671
"29","10/31/2015",Oct 2015,2015 Q4,"CO_oil1",0.0211453744493392
"30","11/30/2015",Nov 2015,2015 Q4,"CO_oil1",-0.0974978429680758
"31","12/31/2015",Dec 2015,2015 Q4,"CO_oil1",-0.134799235181644
"32","01/31/2016",Jan 2016,2016 Q1,"CO_oil1",-0.116022099447514
"33","02/29/2016",Feb 2016,2016 Q1,"CO_oil1",-0.0775
"34","03/31/2016",Mar 2016,2016 Q1,"CO_oil1",0.0528455284552845
"35","04/30/2016",Apr 2016,2016 Q2,"CO_oil1",0.106821106821107
"36","05/31/2016",May 2016,2016 Q2,"CO_oil1",0.0534883720930234
"37","06/30/2016",Jun 2016,2016 Q2,"CO_oil1",0.0110375275938189
"38","07/31/2016",Jul 2016,2016 Q3,"CO_oil1",-0.120087336244541
"39","08/31/2016",Aug 2016,2016 Q3,"CO_oil1",0.0459057071960297
"40","09/30/2016",Sep 2016,2016 Q3,"CO_oil1",0.0521945432977461
"41","10/31/2016",Oct 2016,2016 Q4,"CO_oil1",-0.0338218714768883
"42","11/30/2016",Nov 2016,2016 Q4,"CO_oil1",0.0501750291715286
"43","12/31/2016",Dec 2016,2016 Q4,"CO_oil1",0.0755555555555555
"44","01/31/2017",Jan 2017,2017 Q1,"CO_oil1",-0.0340909090909091
"45","02/28/2017",Feb 2017,2017 Q1,"CO_oil1",-0.00427807486631007
"46","03/31/2017",Mar 2017,2017 Q1,"CO_oil1",-0.0558539205155748
"47","04/30/2017",Apr 2017,2017 Q2,"CO_oil1",-0.0284414106939704
"48","05/31/2017",May 2017,2017 Q2,"CO_oil1",-0.0292740046838408
"49","06/30/2017",Jun 2017,2017 Q2,"CO_oil1",-0.0265379975874546
"50","07/31/2017",Jul 2017,2017 Q3,"CO_oil1",0.0582403965303592
"51","08/31/2017",Aug 2017,2017 Q3,"CO_oil1",-0.0245901639344261
"52","09/30/2017",Sep 2017,2017 Q3,"CO_oil1",0.0552220888355341
"53","10/31/2017",Oct 2017,2017 Q4,"CO_oil1",0.0511945392491469
"54","11/30/2017",Nov 2017,2017 Q4,"CO_oil1",0.0476190476190476
"55","12/31/2017",Dec 2017,2017 Q4,"CO_oil1",0.0485537190082645
"56","01/31/2018",Jan 2018,2018 Q1,"CO_oil1",0.0798029556650247
"57","02/28/2018",Feb 2018,2018 Q1,"CO_oil1",-0.0428832116788322
"58","03/31/2018",Mar 2018,2018 Q1,"CO_oil1",0.0648236415633937
"59","04/30/2018",Apr 2018,2018 Q2,"CO_oil1",0.0581915846016115
"60","05/31/2018",May 2018,2018 Q2,"CO_oil1",0.0084602368866328
"61","06/30/2018",Jun 2018,2018 Q2,"CO_oil1",0.0453020134228189
"62","07/31/2018",Jul 2018,2018 Q3,"CO_oil1",-0.0200642054574639
"63","08/31/2018",Aug 2018,2018 Q3,"CO_oil1",0.0352170352170352
"64","09/30/2018",Sep 2018,2018 Q3,"CO_oil1",0.0664556962025316
"65","10/31/2018",Oct 2018,2018 Q4,"CO_oil1",-0.0971810089020772
"66","11/30/2018",Nov 2018,2018 Q4,"CO_oil1",-0.221035332785538
"67","12/31/2018",Dec 2018,2018 Q4,"CO_oil1",-0.106540084388186
"68","01/31/2019",Jan 2019,2019 Q1,"CO_oil1",0.171192443919717
"69","02/28/2019",Feb 2019,2019 Q1,"CO_oil1",0.0423387096774193
"70","03/31/2019",Mar 2019,2019 Q1,"CO_oil1",0.0164410058027079
"71","04/30/2019",Apr 2019,2019 Q2,"CO_oil1",0.0390104662226451
"72","06/30/2013",Jun 2013,2013 Q2,"CO_gold",NA
"73","07/31/2013",Jul 2013,2013 Q3,"CO_gold",0.0743010488262862
"74","08/31/2013",Aug 2013,2013 Q3,"CO_gold",0.0520474839953695
"75","09/30/2013",Sep 2013,2013 Q3,"CO_gold",-0.0478383764610896
"76","10/31/2013",Oct 2013,2013 Q4,"CO_gold",-0.00343263398368259
"77","11/30/2013",Nov 2013,2013 Q4,"CO_gold",-0.0551119548318766
"78","12/31/2013",Dec 2013,2013 Q4,"CO_gold",-0.0379452702057648
"79","01/31/2014",Jan 2014,2014 Q1,"CO_gold",0.0341887090719417
"80","02/28/2014",Feb 2014,2014 Q1,"CO_gold",0.062703033148573
"81","03/31/2014",Mar 2014,2014 Q1,"CO_gold",-0.031421422235823
"82","04/30/2014",Apr 2014,2014 Q2,"CO_gold",0.00493487577918553
"83","05/31/2014",May 2014,2014 Q2,"CO_gold",-0.0305103926057768
"84","06/30/2014",Jun 2014,2014 Q2,"CO_gold",0.0631901768662294
"85","07/31/2014",Jul 2014,2014 Q3,"CO_gold",-0.0363167311325923
"86","08/31/2014",Aug 2014,2014 Q3,"CO_gold",0.00380907694147881
"87","09/30/2014",Sep 2014,2014 Q3,"CO_gold",-0.0617632967724585
"88","10/31/2014",Oct 2014,2014 Q4,"CO_gold",-0.0305481028357981
"89","11/30/2014",Nov 2014,2014 Q4,"CO_gold",-0.00488197213271894
"90","12/31/2014",Dec 2014,2014 Q4,"CO_gold",0.0131121308258663
"91","01/31/2015",Jan 2015,2015 Q1,"CO_gold",0.0868990564025523
"92","02/28/2015",Feb 2015,2015 Q1,"CO_gold",-0.0590521926055615
"93","03/31/2015",Mar 2015,2015 Q1,"CO_gold",-0.0215220378263761
"94","04/30/2015",Apr 2015,2015 Q2,"CO_gold",-0.00167167863200149
"95","05/31/2015",May 2015,2015 Q2,"CO_gold",0.00555210182821804
"96","06/30/2015",Jun 2015,2015 Q2,"CO_gold",-0.015162094919581
"97","07/31/2015",Jul 2015,2015 Q3,"CO_gold",-0.0662098674145269
"98","08/31/2015",Aug 2015,2015 Q3,"CO_gold",0.0370723339369102
"99","09/30/2015",Sep 2015,2015 Q3,"CO_gold",-0.0180113857746737
"100","10/31/2015",Oct 2015,2015 Q4,"CO_gold",0.0228336325768891
"101","11/30/2015",Nov 2015,2015 Q4,"CO_gold",-0.0675206294367622
"102","12/31/2015",Dec 2015,2015 Q4,"CO_gold",-0.00451333407600744
"103","01/31/2016",Jan 2016,2016 Q1,"CO_gold",0.054109974907451
"104","02/29/2016",Feb 2016,2016 Q1,"CO_gold",0.109303434576066
"105","03/31/2016",Mar 2016,2016 Q1,"CO_gold",-0.00842886048911716
"106","04/30/2016",Apr 2016,2016 Q2,"CO_gold",0.0510880912197219
"107","05/31/2016",May 2016,2016 Q2,"CO_gold",-0.0613829670621437
"108","06/30/2016",Jun 2016,2016 Q2,"CO_gold",0.0896950127467692
"109","07/31/2016",Jul 2016,2016 Q3,"CO_gold",0.0198465642456981
"110","08/31/2016",Aug 2016,2016 Q3,"CO_gold",-0.032563165841624
"111","09/30/2016",Sep 2016,2016 Q3,"CO_gold",0.0068921302042966
"112","10/31/2016",Oct 2016,2016 Q4,"CO_gold",-0.0294491963502801
"113","11/30/2016",Nov 2016,2016 Q4,"CO_gold",-0.0835657030742053
"114","12/31/2016",Dec 2016,2016 Q4,"CO_gold",-0.0191498791946309
"115","01/31/2017",Jan 2017,2017 Q1,"CO_gold",0.0541921535061386
"116","02/28/2017",Feb 2017,2017 Q1,"CO_gold",0.0318476841580003
"117","03/31/2017",Mar 2017,2017 Q1,"CO_gold",-0.00427746361794523
"118","04/30/2017",Apr 2017,2017 Q2,"CO_gold",0.017267486377464
"119","05/31/2017",May 2017,2017 Q2,"CO_gold",-0.00124198065517884
"120","06/30/2017",Jun 2017,2017 Q2,"CO_gold",-0.021555346835798
"121","07/31/2017",Jul 2017,2017 Q3,"CO_gold",0.0231316986052795
"122","08/31/2017",Aug 2017,2017 Q3,"CO_gold",0.0419875776397515
"123","09/30/2017",Sep 2017,2017 Q3,"CO_gold",-0.0336989190907646
"124","10/31/2017",Oct 2017,2017 Q4,"CO_gold",-0.00748481645854872
"125","11/30/2017",Nov 2017,2017 Q4,"CO_gold",0.00356343753316373
"126","12/31/2017",Dec 2017,2017 Q4,"CO_gold",0.0210570110826922
"127","01/31/2018",Jan 2018,2018 Q1,"CO_gold",0.0323493727076527
"128","02/28/2018",Feb 2018,2018 Q1,"CO_gold",-0.0207599056676866
"129","03/31/2018",Mar 2018,2018 Q1,"CO_gold",0.00632000800000003
"130","04/30/2018",Apr 2018,2018 Q2,"CO_gold",-0.00953974871182332
"131","05/31/2018",May 2018,2018 Q2,"CO_gold",-0.0119592105934412
"132","06/30/2018",Jun 2018,2018 Q2,"CO_gold",-0.0361494400674158
"133","07/31/2018",Jul 2018,2018 Q3,"CO_gold",-0.0224189123907474
"134","08/31/2018",Aug 2018,2018 Q3,"CO_gold",-0.0213811194306599
"135","09/30/2018",Sep 2018,2018 Q3,"CO_gold",-0.00660734725385698
"136","10/31/2018",Oct 2018,2018 Q4,"CO_gold",0.0211954590068205
"137","11/30/2018",Nov 2018,2018 Q4,"CO_gold",0.00338687792641118
"138","12/31/2018",Dec 2018,2018 Q4,"CO_gold",0.0494201051634057
"139","01/31/2019",Jan 2019,2019 Q1,"CO_gold",0.0288659793814433
"140","02/28/2019",Feb 2019,2019 Q1,"CO_gold",-0.0060922004008016
"141","03/31/2019",Mar 2019,2019 Q1,"CO_gold",-0.0159689977573836
"142","04/30/2019",Apr 2019,2019 Q2,"CO_gold",-0.00663884096977561
"143","06/30/2013",Jun 2013,2013 Q2,"CO_grains",NA
"144","07/31/2013",Jul 2013,2013 Q3,"CO_grains",-0.0445859480002444
"145","08/31/2013",Aug 2013,2013 Q3,"CO_grains",0.0354839139784946
"146","09/30/2013",Sep 2013,2013 Q3,"CO_grains",-0.0488058754390083
"147","10/31/2013",Oct 2013,2013 Q4,"CO_grains",-0.0157204588585253
"148","11/30/2013",Nov 2013,2013 Q4,"CO_grains",0.00155279496216527
"149","12/31/2013",Dec 2013,2013 Q4,"CO_grains",-0.0447397765342292
"150","01/31/2014",Jan 2014,2014 Q1,"CO_grains",-0.00904240646783206
"151","02/28/2014",Feb 2014,2014 Q1,"CO_grains",0.094056991387132
"152","03/31/2014",Mar 2014,2014 Q1,"CO_grains",0.0786997681223168
"153","04/30/2014",Apr 2014,2014 Q2,"CO_grains",0.0364789856558085
"154","05/31/2014",May 2014,2014 Q2,"CO_grains",-0.0860749825186493
"155","06/30/2014",Jun 2014,2014 Q2,"CO_grains",-0.0937630827493319
"156","07/31/2014",Jul 2014,2014 Q3,"CO_grains",-0.109006861639881
"157","08/31/2014",Aug 2014,2014 Q3,"CO_grains",-0.0147745974715086
"158","09/30/2014",Sep 2014,2014 Q3,"CO_grains",-0.135490588555148
"159","10/31/2014",Oct 2014,2014 Q4,"CO_grains",0.153377992897809
"160","11/30/2014",Nov 2014,2014 Q4,"CO_grains",0.00897097577989564
"161","12/31/2014",Dec 2014,2014 Q4,"CO_grains",0.00915266688532094
"162","01/31/2015",Jan 2015,2015 Q1,"CO_grains",-0.0912153407618555
"163","02/28/2015",Feb 2015,2015 Q1,"CO_grains",0.0407755916737953
"164","03/31/2015",Mar 2015,2015 Q1,"CO_grains",-0.0334246849315069
"165","04/30/2015",Apr 2015,2015 Q2,"CO_grains",-0.0456349502730994
"166","05/31/2015",May 2015,2015 Q2,"CO_grains",-0.0335609464544668
"167","06/30/2015",Jun 2015,2015 Q2,"CO_grains",0.198217603004991
"168","07/31/2015",Jul 2015,2015 Q3,"CO_grains",-0.139523024389688
"169","08/31/2015",Aug 2015,2015 Q3,"CO_grains",-0.0387481084574697
"170","09/30/2015",Sep 2015,2015 Q3,"CO_grains",0.0310077519379845
"171","10/31/2015",Oct 2015,2015 Q4,"CO_grains",-0.00962406015037595
"172","11/30/2015",Nov 2015,2015 Q4,"CO_grains",-0.0501062556938962
"173","12/31/2015",Dec 2015,2015 Q4,"CO_grains",-0.0297314888193257
"174","01/31/2016",Jan 2016,2016 Q1,"CO_grains",0.028995057660626
"175","02/29/2016",Feb 2016,2016 Q1,"CO_grains",-0.0496317643291707
"176","03/31/2016",Mar 2016,2016 Q1,"CO_grains",0.0225741239892184
"177","04/30/2016",Apr 2016,2016 Q2,"CO_grains",0.0968698846787478
"178","05/31/2016",May 2016,2016 Q2,"CO_grains",0.0180233698400912
"179","06/30/2016",Jun 2016,2016 Q2,"CO_grains",-0.0321628808546145
"180","07/31/2016",Jul 2016,2016 Q3,"CO_grains",-0.11128046070977
"181","08/31/2016",Aug 2016,2016 Q3,"CO_grains",-0.0850771869639793
"182","09/30/2016",Sep 2016,2016 Q3,"CO_grains",0.0427446194225722
"183","10/31/2016",Oct 2016,2016 Q4,"CO_grains",0.0521395559920732
"184","11/30/2016",Nov 2016,2016 Q4,"CO_grains",-0.0304169172932332
"185","12/31/2016",Dec 2016,2016 Q4,"CO_grains",-0.00810722565712983
"186","01/31/2017",Jan 2017,2017 Q1,"CO_grains",0.026652452972724
"187","02/28/2017",Feb 2017,2017 Q1,"CO_grains",0.0162686748448832
"188","03/31/2017",Mar 2017,2017 Q1,"CO_grains",-0.0585831723915814
"189","04/30/2017",Apr 2017,2017 Q2,"CO_grains",-0.00940665735914093
"190","05/31/2017",May 2017,2017 Q2,"CO_grains",-0.00949590976975576
"191","06/30/2017",Jun 2017,2017 Q2,"CO_grains",0.0685840313943942
"192","07/31/2017",Jul 2017,2017 Q3,"CO_grains",-0.0248447204968944
"193","08/31/2017",Aug 2017,2017 Q3,"CO_grains",-0.0969568294409059
"194","09/30/2017",Sep 2017,2017 Q3,"CO_grains",0.0148902821316614
"195","10/31/2017",Oct 2017,2017 Q4,"CO_grains",-0.0293436679536679
"196","11/30/2017",Nov 2017,2017 Q4,"CO_grains",-0.00596654757225731
"197","12/31/2017",Dec 2017,2017 Q4,"CO_grains",-0.025210044017607
"198","01/31/2018",Jan 2018,2018 Q1,"CO_grains",1.14408858193397
"199","02/28/2018",Feb 2018,2018 Q1,"CO_grains",0.0453187823090179
"200","03/31/2018",Mar 2018,2018 Q1,"CO_grains",-0.0210084620034068
"201","04/30/2018",Apr 2018,2018 Q2,"CO_grains",0.0297474269457918
"202","05/31/2018",May 2018,2018 Q2,"CO_grains",-0.00890265245453024
"203","06/30/2018",Jun 2018,2018 Q2,"CO_grains",-0.117873512701623
"204","07/31/2018",Jul 2018,2018 Q3,"CO_grains",0.06275976855278
"205","08/31/2018",Aug 2018,2018 Q3,"CO_grains",-0.0584668959418635
"206","09/30/2018",Sep 2018,2018 Q3,"CO_grains",-0.0193146617107097
"207","10/31/2018",Oct 2018,2018 Q4,"CO_grains",-0.012706522390798
"208","11/30/2018",Nov 2018,2018 Q4,"CO_grains",0.0195195199382136
"209","12/31/2018",Dec 2018,2018 Q4,"CO_grains",-0.0133389230662512
"210","01/31/2019",Jan 2019,2019 Q1,"CO_grains",0.0184664150460593
"211","02/28/2019",Feb 2019,2019 Q1,"CO_grains",-0.0496629527728538
"212","03/31/2019",Mar 2019,2019 Q1,"CO_grains",-0.0246750170670856
"213","04/30/2019",Apr 2019,2019 Q2,"CO_grains",-0.0402077704992095
"214","06/30/2013",Jun 2013,2013 Q2,"CO_silver",NA
"215","07/31/2013",Jul 2013,2013 Q3,"CO_silver",0.00896151865901512
"216","08/31/2013",Aug 2013,2013 Q3,"CO_silver",0.180773311430163
"217","09/30/2013",Sep 2013,2013 Q3,"CO_silver",-0.0752212389380532
"218","10/31/2013",Oct 2013,2013 Q4,"CO_silver",0.00956937799043076
"219","11/30/2013",Nov 2013,2013 Q4,"CO_silver",-0.0881516587677726
"220","12/31/2013",Dec 2013,2013 Q4,"CO_silver",-0.0275468295218295
"221","01/31/2014",Jan 2014,2014 Q1,"CO_silver",-0.0138962059805561
"222","02/28/2014",Feb 2014,2014 Q1,"CO_silver",0.102980970028132
"223","03/31/2014",Mar 2014,2014 Q1,"CO_silver",-0.0643734152334153
"224","04/30/2014",Apr 2014,2014 Q2,"CO_silver",-0.0304622883160563
"225","05/31/2014",May 2014,2014 Q2,"CO_silver",-0.0205849956979955
"226","06/30/2014",Jun 2014,2014 Q2,"CO_silver",0.120022123893805
"227","07/31/2014",Jul 2014,2014 Q3,"CO_silver",-0.0330864197530865
"228","08/31/2014",Aug 2014,2014 Q3,"CO_silver",-0.0444331460674157
"229","09/30/2014",Sep 2014,2014 Q3,"CO_silver",-0.12613570957433
"230","10/31/2014",Oct 2014,2014 Q4,"CO_silver",-0.0519877675840979
"231","11/30/2014",Nov 2014,2014 Q4,"CO_silver",-0.0432258064516129
"232","12/31/2014",Dec 2014,2014 Q4,"CO_silver",0.0155091031692515
"233","01/31/2015",Jan 2015,2015 Q1,"CO_silver",0.0982736387782204
"234","02/28/2015",Feb 2015,2015 Q1,"CO_silver",-0.0405079177443823
"235","03/31/2015",Mar 2015,2015 Q1,"CO_silver",0.00378071833648396
"236","04/30/2015",Apr 2015,2015 Q2,"CO_silver",-0.0313873195229127
"237","05/31/2015",May 2015,2015 Q2,"CO_silver",0.0362929358392742
"238","06/30/2015",Jun 2015,2015 Q2,"CO_silver",-0.0600375234521577
"239","07/31/2015",Jul 2015,2015 Q3,"CO_silver",-0.0632069194943446
"240","08/31/2015",Aug 2015,2015 Q3,"CO_silver",-0.00639204545454544
"241","09/30/2015",Sep 2015,2015 Q3,"CO_silver",-0.00857755539671201
"242","10/31/2015",Oct 2015,2015 Q4,"CO_silver",0.0670511896178804
"243","11/30/2015",Nov 2015,2015 Q4,"CO_silver",-0.091891891891892
"244","12/31/2015",Dec 2015,2015 Q4,"CO_silver",-0.0186011904761905
"245","01/31/2016",Jan 2016,2016 Q1,"CO_silver",0.0303260045489007
"246","02/29/2016",Feb 2016,2016 Q1,"CO_silver",0.0448859455481972
"247","03/31/2016",Mar 2016,2016 Q1,"CO_silver",0.0338028169014085
"248","04/30/2016",Apr 2016,2016 Q2,"CO_silver",0.156675749318801
"249","05/31/2016",May 2016,2016 Q2,"CO_silver",-0.105418138987044
"250","06/30/2016",Jun 2016,2016 Q2,"CO_silver",0.175773601053325
"251","07/31/2016",Jul 2016,2016 Q3,"CO_silver",0.0834265910735392
"252","08/31/2016",Aug 2016,2016 Q3,"CO_silver",-0.0842377777777778
"253","09/30/2016",Sep 2016,2016 Q3,"CO_silver",0.0270881505128752
"254","10/31/2016",Oct 2016,2016 Q4,"CO_silver",-0.0675825237592019
"255","11/30/2016",Nov 2016,2016 Q4,"CO_silver",-0.0771949957097818
"256","12/31/2016",Dec 2016,2016 Q4,"CO_silver",-0.0351213282247765
"257","01/31/2017",Jan 2017,2017 Q1,"CO_silver",0.10059556585043
"258","02/28/2017",Feb 2017,2017 Q1,"CO_silver",0.0444980183101633
"259","03/31/2017",Mar 2017,2017 Q1,"CO_silver",-0.00690852003980878
"260","04/30/2017",Apr 2017,2017 Q2,"CO_silver",-0.0550725217391305
"261","05/31/2017",May 2017,2017 Q2,"CO_silver",0.00552147273137869
"262","06/30/2017",Jun 2017,2017 Q2,"CO_silver",-0.0414886541481789
"263","07/31/2017",Jul 2017,2017 Q3,"CO_silver",0.0120942075111394
"264","08/31/2017",Aug 2017,2017 Q3,"CO_silver",0.0471698113207546
"265","09/30/2017",Sep 2017,2017 Q3,"CO_silver",-0.0546546546546546
"266","10/31/2017",Oct 2017,2017 Q4,"CO_silver",0.00317662007623881
"267","11/30/2017",Nov 2017,2017 Q4,"CO_silver",-0.0177327422419252
"268","12/31/2017",Dec 2017,2017 Q4,"CO_silver",0.0309477756286267
"269","01/31/2018",Jan 2018,2018 Q1,"CO_silver",0.0225140712945592
"270","02/28/2018",Feb 2018,2018 Q1,"CO_silver",-0.054434250764526
"271","03/31/2018",Mar 2018,2018 Q1,"CO_silver",-0.00323415265200522
"272","04/30/2018",Apr 2018,2018 Q2,"CO_silver",-0.00194678780012974
"273","05/31/2018",May 2018,2018 Q2,"CO_silver",0.00520156046814045
"274","06/30/2018",Jun 2018,2018 Q2,"CO_silver",-0.0200517464424321
"275","07/31/2018",Jul 2018,2018 Q3,"CO_silver",-0.0356435643564357
"276","08/31/2018",Aug 2018,2018 Q3,"CO_silver",-0.0657084188911704
"277","09/30/2018",Sep 2018,2018 Q3,"CO_silver",0.00586080586080587
"278","10/31/2018",Oct 2018,2018 Q4,"CO_silver",-0.023306627822287
"279","11/30/2018",Nov 2018,2018 Q4,"CO_silver",-0.00671140939597314
"280","12/31/2018",Dec 2018,2018 Q4,"CO_silver",0.09009009009009
"281","01/31/2019",Jan 2019,2019 Q1,"CO_silver",0.0365013774104684
"282","02/28/2019",Feb 2019,2019 Q1,"CO_silver",-0.027906976744186
"283","03/31/2019",Mar 2019,2019 Q1,"CO_silver",-0.0307587149692414
"284","04/30/2019",Apr 2019,2019 Q2,"CO_silver",-0.0112834978843442
"285","06/30/2013",Jun 2013,2013 Q2,"CO_gasoline",NA
"286","07/31/2013",Jul 2013,2013 Q3,"CO_gasoline",0.129745692213258
"287","08/31/2013",Aug 2013,2013 Q3,"CO_gasoline",0.00473084836428796
"288","09/30/2013",Sep 2013,2013 Q3,"CO_gasoline",-0.0893002110732262
"289","10/31/2013",Oct 2013,2013 Q4,"CO_gasoline",-0.00962740238901772
"290","11/30/2013",Nov 2013,2013 Q4,"CO_gasoline",0.0459045732836107
"291","12/31/2013",Dec 2013,2013 Q4,"CO_gasoline",0.0314974537520638
"292","01/31/2014",Jan 2014,2014 Q1,"CO_gasoline",-0.0599032204238277
"293","02/28/2014",Feb 2014,2014 Q1,"CO_gasoline",0.0653177138800142
"294","03/31/2014",Mar 2014,2014 Q1,"CO_gasoline",-0.0173275574808398
"295","04/30/2014",Apr 2014,2014 Q2,"CO_gasoline",0.0262800779925398
"296","05/31/2014",May 2014,2014 Q2,"CO_gasoline",0.00776476140368024
"297","06/30/2014",Jun 2014,2014 Q2,"CO_gasoline",0.0334426393442622
"298","07/31/2014",Jul 2014,2014 Q3,"CO_gasoline",-0.0761421149089131
"299","08/31/2014",Aug 2014,2014 Q3,"CO_gasoline",-0.0140797385274815
"300","09/30/2014",Sep 2014,2014 Q3,"CO_gasoline",-0.0498083786070491
"301","10/31/2014",Oct 2014,2014 Q4,"CO_gasoline",-0.0923753832042634
"302","11/30/2014",Nov 2014,2014 Q4,"CO_gasoline",-0.128836853796446
"303","12/31/2014",Dec 2014,2014 Q4,"CO_gasoline",-0.208391219480557
"304","01/31/2015",Jan 2015,2015 Q1,"CO_gasoline",-0.0351391194647661
"305","02/28/2015",Feb 2015,2015 Q1,"CO_gasoline",0.178452225236655
"306","03/31/2015",Mar 2015,2015 Q1,"CO_gasoline",-0.102755647553147
"307","04/30/2015",Apr 2015,2015 Q2,"CO_gasoline",0.155281285878301
"308","05/31/2015",May 2015,2015 Q2,"CO_gasoline",0.00944101863354037
"309","06/30/2015",Jun 2015,2015 Q2,"CO_gasoline",0.014275116557344
"310","07/31/2015",Jul 2015,2015 Q3,"CO_gasoline",-0.112594009041349
"311","08/31/2015",Aug 2015,2015 Q3,"CO_gasoline",-0.071916899097621
"312","09/30/2015",Sep 2015,2015 Q3,"CO_gasoline",-0.0674719819526218
"313","10/31/2015",Oct 2015,2015 Q4,"CO_gasoline",-0.00726698262243276
"314","11/30/2015",Nov 2015,2015 Q4,"CO_gasoline",-0.032781699554424
"315","12/31/2015",Dec 2015,2015 Q4,"CO_gasoline",-0.0371832522929664
"316","01/31/2016",Jan 2016,2016 Q1,"CO_gasoline",-0.128844839371155
"317","02/29/2016",Feb 2016,2016 Q1,"CO_gasoline",-0.0588466065123578
"318","03/31/2016",Mar 2016,2016 Q1,"CO_gasoline",0.0654438932888705
"319","04/30/2016",Apr 2016,2016 Q2,"CO_gasoline",0.0970266861121551
"320","05/31/2016",May 2016,2016 Q2,"CO_gasoline",-0.00213983587233109
"321","06/30/2016",Jun 2016,2016 Q2,"CO_gasoline",-0.0714796283059328
"322","07/31/2016",Jul 2016,2016 Q3,"CO_gasoline",-0.130484988452656
"323","08/31/2016",Aug 2016,2016 Q3,"CO_gasoline",0.0628596724214255
"324","09/30/2016",Sep 2016,2016 Q3,"CO_gasoline",0.149521032902957
"325","10/31/2016",Oct 2016,2016 Q4,"CO_gasoline",-0.0202898188405798
"326","11/30/2016",Nov 2016,2016 Q4,"CO_gasoline",0.038091677585367
"327","12/31/2016",Dec 2016,2016 Q4,"CO_gasoline",0.115781973637335
"328","01/31/2017",Jan 2017,2017 Q1,"CO_gasoline",-0.0858876436781609
"329","02/28/2017",Feb 2017,2017 Q1,"CO_gasoline",-0.0241005247677446
"330","03/31/2017",Mar 2017,2017 Q1,"CO_gasoline",-0.0236220463986383
"331","04/30/2017",Apr 2017,2017 Q2,"CO_gasoline",-0.0978738967055023
"332","05/31/2017",May 2017,2017 Q2,"CO_gasoline",0.035351441066581
"333","06/30/2017",Jun 2017,2017 Q2,"CO_gasoline",-0.0482731554160126
"334","07/31/2017",Jul 2017,2017 Q3,"CO_gasoline",0.12907212371134
"335","08/31/2017",Aug 2017,2017 Q3,"CO_gasoline",0.119795512045125
"336","09/30/2017",Sep 2017,2017 Q3,"CO_gasoline",-0.0818656229615134
"337","10/31/2017",Oct 2017,2017 Q4,"CO_gasoline",0.106216660746004
"338","11/30/2017",Nov 2017,2017 Q4,"CO_gasoline",0.00289020561625583
"339","12/31/2017",Dec 2017,2017 Q4,"CO_gasoline",0.0198527057316683
"340","01/31/2018",Jan 2018,2018 Q1,"CO_gasoline",0.055572967032967
"341","02/28/2018",Feb 2018,2018 Q1,"CO_gasoline",-0.081201668090472
"342","03/31/2018",Mar 2018,2018 Q1,"CO_gasoline",0.045645841555385
"343","04/30/2018",Apr 2018,2018 Q2,"CO_gasoline",0.0495356981280402
"344","05/31/2018",May 2018,2018 Q2,"CO_gasoline",0.0185839812044848
"345","06/30/2018",Jun 2018,2018 Q2,"CO_gasoline",-0.00057923546421167
"346","07/31/2018",Jul 2018,2018 Q3,"CO_gasoline",-0.0159373813930676
"347","08/31/2018",Aug 2018,2018 Q3,"CO_gasoline",0.00883389307520297
"348","09/30/2018",Sep 2018,2018 Q3,"CO_gasoline",0.0548745215922079
"349","10/31/2018",Oct 2018,2018 Q4,"CO_gasoline",-0.161317104629693
"350","11/30/2018",Nov 2018,2018 Q4,"CO_gasoline",-0.192675690949379
"351","12/31/2018",Dec 2018,2018 Q4,"CO_gasoline",-0.0637514942276868
"352","01/31/2019",Jan 2019,2019 Q1,"CO_gasoline",0.04975988651244
"353","02/28/2019",Feb 2019,2019 Q1,"CO_gasoline",0.132640379735567
"354","03/31/2019",Mar 2019,2019 Q1,"CO_gasoline",0.0785609030837006
"355","04/30/2019",Apr 2019,2019 Q2,"CO_gasoline",0.116746157819815
"356","06/30/2013",Jun 2013,2013 Q2,"CO_nat_gas",NA
"357","07/31/2013",Jul 2013,2013 Q3,"CO_nat_gas",-0.0390502227288831
"358","08/31/2013",Aug 2013,2013 Q3,"CO_nat_gas",0.0406371109630484
"359","09/30/2013",Sep 2013,2013 Q3,"CO_nat_gas",-0.0353561991283827
"360","10/31/2013",Oct 2013,2013 Q4,"CO_nat_gas",-0.0278993560763394
"361","11/30/2013",Nov 2013,2013 Q4,"CO_nat_gas",0.0776589173421803
"362","12/31/2013",Dec 2013,2013 Q4,"CO_nat_gas",0.0804178088881935
"363","01/31/2014",Jan 2014,2014 Q1,"CO_nat_gas",0.168680505831791
"364","02/28/2014",Feb 2014,2014 Q1,"CO_nat_gas",0.0550041350806025
"365","03/31/2014",Mar 2014,2014 Q1,"CO_nat_gas",-0.0427283512080718
"366","04/30/2014",Apr 2014,2014 Q2,"CO_nat_gas",0.0872235565110564
"367","05/31/2014",May 2014,2014 Q2,"CO_nat_gas",-0.0508474025663107
"368","06/30/2014",Jun 2014,2014 Q2,"CO_nat_gas",-0.0238095330215417
"369","07/31/2014",Jul 2014,2014 Q3,"CO_nat_gas",-0.14227641987243
"370","08/31/2014",Aug 2014,2014 Q3,"CO_nat_gas",0.0549762901664387
"371","09/30/2014",Sep 2014,2014 Q3,"CO_nat_gas",-0.0067385331678062
"372","10/31/2014",Oct 2014,2014 Q4,"CO_nat_gas",-0.0827679651115341
"373","11/30/2014",Nov 2014,2014 Q4,"CO_nat_gas",0.0483234449584526
"374","12/31/2014",Dec 2014,2014 Q4,"CO_nat_gas",-0.305268093776245
"375","01/31/2015",Jan 2015,2015 Q1,"CO_nat_gas",-0.0744753190766649
"376","02/28/2015",Feb 2015,2015 Q1,"CO_nat_gas",0.00512068397951726
"377","03/31/2015",Mar 2015,2015 Q1,"CO_nat_gas",-0.0363901025544051
"378","04/30/2015",Apr 2015,2015 Q2,"CO_nat_gas",0.0166163333953235
"379","05/31/2015",May 2015,2015 Q2,"CO_nat_gas",-0.0438335809806836
"380","06/30/2015",Jun 2015,2015 Q2,"CO_nat_gas",0.0536130924630925
"381","07/31/2015",Jul 2015,2015 Q3,"CO_nat_gas",-0.0383481180550104
"382","08/31/2015",Aug 2015,2015 Q3,"CO_nat_gas",-0.0260736388036809
"383","09/30/2015",Sep 2015,2015 Q3,"CO_nat_gas",-0.0858267733430467
"384","10/31/2015",Oct 2015,2015 Q4,"CO_nat_gas",-0.155038698428913
"385","11/30/2015",Nov 2015,2015 Q4,"CO_nat_gas",-0.111111130932154
"386","12/31/2015",Dec 2015,2015 Q4,"CO_nat_gas",-0.00573397345946178
"387","01/31/2016",Jan 2016,2016 Q1,"CO_nat_gas",-0.0207612745098038
"388","02/29/2016",Feb 2016,2016 Q1,"CO_nat_gas",-0.29093048559866
"389","03/31/2016",Mar 2016,2016 Q1,"CO_nat_gas",0.106312250830565
"390","04/30/2016",Apr 2016,2016 Q2,"CO_nat_gas",0.0405405420623327
"391","05/31/2016",May 2016,2016 Q2,"CO_nat_gas",-0.0057720059802311
"392","06/30/2016",Jun 2016,2016 Q2,"CO_nat_gas",0.253991373512024
"393","07/31/2016",Jul 2016,2016 Q3,"CO_nat_gas",-0.0104166663652585
"394","08/31/2016",Aug 2016,2016 Q3,"CO_nat_gas",-0.0116959645702935
"395","09/30/2016",Sep 2016,2016 Q3,"CO_nat_gas",-0.0106508878890795
"396","10/31/2016",Oct 2016,2016 Q4,"CO_nat_gas",-0.0334927940637797
"397","11/30/2016",Nov 2016,2016 Q4,"CO_nat_gas",0.0433168626237625
"398","12/31/2016",Dec 2016,2016 Q4,"CO_nat_gas",0.107947802255403
"399","01/31/2017",Jan 2017,2017 Q1,"CO_nat_gas",-0.158458239869961
"400","02/28/2017",Feb 2017,2017 Q1,"CO_nat_gas",-0.148854988904103
"401","03/31/2017",Mar 2017,2017 Q1,"CO_nat_gas",0.131539648729447
"402","04/30/2017",Apr 2017,2017 Q2,"CO_nat_gas",0
"403","05/31/2017",May 2017,2017 Q2,"CO_nat_gas",-0.0858652877851622
"404","06/30/2017",Jun 2017,2017 Q2,"CO_nat_gas",-0.0202311777456648
"405","07/31/2017",Jul 2017,2017 Q3,"CO_nat_gas",-0.067846605167898
"406","08/31/2017",Aug 2017,2017 Q3,"CO_nat_gas",0.0617088187615183
"407","09/30/2017",Sep 2017,2017 Q3,"CO_nat_gas",-0.0208643442622951
"408","10/31/2017",Oct 2017,2017 Q4,"CO_nat_gas",-0.089802165532642
"409","11/30/2017",Nov 2017,2017 Q4,"CO_nat_gas",0.0117057274247491
"410","12/31/2017",Dec 2017,2017 Q4,"CO_nat_gas",-0.0363636761833192
"411","01/31/2018",Jan 2018,2018 Q1,"CO_nat_gas",0.0754716981132075
"412","02/28/2018",Feb 2018,2018 Q1,"CO_nat_gas",-0.11244019138756
"413","03/31/2018",Mar 2018,2018 Q1,"CO_nat_gas",0.0130278077268642
"414","04/30/2018",Apr 2018,2018 Q2,"CO_nat_gas",0.000443458999710003
"415","05/31/2018",May 2018,2018 Q2,"CO_nat_gas",0.0589539033224247
"416","06/30/2018",Jun 2018,2018 Q2,"CO_nat_gas",-0.00795303507547234
"417","07/31/2018",Jul 2018,2018 Q3,"CO_nat_gas",-0.037552825419712
"418","08/31/2018",Aug 2018,2018 Q3,"CO_nat_gas",0.0499781696614717
"419","09/30/2018",Sep 2018,2018 Q3,"CO_nat_gas",0.0367431717435001
"420","10/31/2018",Oct 2018,2018 Q4,"CO_nat_gas",0.0753121627064036
"421","11/30/2018",Nov 2018,2018 Q4,"CO_nat_gas",0.397752756638474
"422","12/31/2018",Dec 2018,2018 Q4,"CO_nat_gas",-0.337888558413719
"423","01/31/2019",Jan 2019,2019 Q1,"CO_nat_gas",0.0230676658465263
"424","02/28/2019",Feb 2019,2019 Q1,"CO_nat_gas",-0.0217563678102702
"425","03/31/2019",Mar 2019,2019 Q1,"CO_nat_gas",-0.0505458956732713
"426","04/30/2019",Apr 2019,2019 Q2,"CO_nat_gas",-0.048977853492334
"427","06/30/2013",Jun 2013,2013 Q2,"CO_oil2",NA
"428","07/31/2013",Jul 2013,2013 Q3,"CO_oil2",0.0930368929198361
"429","08/31/2013",Aug 2013,2013 Q3,"CO_oil2",0.0299785591547495
"430","09/30/2013",Sep 2013,2013 Q3,"CO_oil2",-0.0423597193347193
"431","10/31/2013",Oct 2013,2013 Q4,"CO_oil2",-0.0586159868991037
"432","11/30/2013",Nov 2013,2013 Q4,"CO_oil2",-0.0354569050290257
"433","12/31/2013",Dec 2013,2013 Q4,"CO_oil2",0.0555887942495156
"434","01/31/2014",Jan 2014,2014 Q1,"CO_oil2",-0.0147225651189128
"435","02/28/2014",Feb 2014,2014 Q1,"CO_oil2",0.0557472142456095
"436","03/31/2014",Mar 2014,2014 Q1,"CO_oil2",-0.00408279781802934
"437","04/30/2014",Apr 2014,2014 Q2,"CO_oil2",-0.00737906531839309
"438","05/31/2014",May 2014,2014 Q2,"CO_oil2",0.0374449339207048
"439","06/30/2014",Jun 2014,2014 Q2,"CO_oil2",0.0318471602972399
"440","07/31/2014",Jul 2014,2014 Q3,"CO_oil2",-0.0658436454258322
"441","08/31/2014",Aug 2014,2014 Q3,"CO_oil2",-0.0154185572687224
"442","09/30/2014",Sep 2014,2014 Q3,"CO_oil2",-0.0377516240353259
"443","10/31/2014",Oct 2014,2014 Q4,"CO_oil2",-0.109851816332461
"444","11/30/2014",Nov 2014,2014 Q4,"CO_oil2",-0.164871014197552
"445","12/31/2014",Dec 2014,2014 Q4,"CO_oil2",-0.204065637216575
"446","01/31/2015",Jan 2015,2015 Q1,"CO_oil2",-0.124754463420704
"447","02/28/2015",Feb 2015,2015 Q1,"CO_oil2",0.0157126823793491
"448","03/31/2015",Mar 2015,2015 Q1,"CO_oil2",-0.0696132596685084
"449","04/30/2015",Apr 2015,2015 Q2,"CO_oil2",0.217933491686461
"450","05/31/2015",May 2015,2015 Q2,"CO_oil2",-0.00975138956606535
"451","06/30/2015",Jun 2015,2015 Q2,"CO_oil2",-0.0211718375761614
"452","07/31/2015",Jul 2015,2015 Q3,"CO_oil2",-0.215794729164725
"453","08/31/2015",Aug 2015,2015 Q3,"CO_oil2",0.0192431045542015
"454","09/30/2015",Sep 2015,2015 Q3,"CO_oil2",-0.0761485210824418
"455","10/31/2015",Oct 2015,2015 Q4,"CO_oil2",0.00885558583106272
"456","11/30/2015",Nov 2015,2015 Q4,"CO_oil2",-0.12694125590817
"457","12/31/2015",Dec 2015,2015 Q4,"CO_oil2",-0.149265274555298
"458","01/31/2016",Jan 2016,2016 Q1,"CO_oil2",-0.122727272727273
"459","02/29/2016",Feb 2016,2016 Q1,"CO_oil2",-0.0673575129533679
"460","03/31/2016",Mar 2016,2016 Q1,"CO_oil2",0.0777777777777777
"461","04/30/2016",Apr 2016,2016 Q2,"CO_oil2",0.164948453608248
"462","05/31/2016",May 2016,2016 Q2,"CO_oil2",0.0504424778761061
"463","06/30/2016",Jun 2016,2016 Q2,"CO_oil2",-0.0252737994945239
"464","07/31/2016",Jul 2016,2016 Q3,"CO_oil2",-0.156439066551426
"465","08/31/2016",Aug 2016,2016 Q3,"CO_oil2",0.0614754098360655
"466","09/30/2016",Sep 2016,2016 Q3,"CO_oil2",0.055019305019305
"467","10/31/2016",Oct 2016,2016 Q4,"CO_oil2",-0.0365965233302837
"468","11/30/2016",Nov 2016,2016 Q4,"CO_oil2",0.0379867046533714
"469","12/31/2016",Dec 2016,2016 Q4,"CO_oil2",0.0722781335773102
"470","01/31/2017",Jan 2017,2017 Q1,"CO_oil2",-0.0341296928327645
"471","02/28/2017",Feb 2017,2017 Q1,"CO_oil2",0.0114840989399292
"472","03/31/2017",Mar 2017,2017 Q1,"CO_oil2",-0.0707423580786025
"473","04/30/2017",Apr 2017,2017 Q2,"CO_oil2",-0.037593984962406
"474","05/31/2017",May 2017,2017 Q2,"CO_oil2",-0.0273437499999999
"475","06/30/2017",Jun 2017,2017 Q2,"CO_oil2",-0.0461847389558234
"476","07/31/2017",Jul 2017,2017 Q3,"CO_oil2",0.0821052631578947
"477","08/31/2017",Aug 2017,2017 Q3,"CO_oil2",-0.0632295719844357
"478","09/30/2017",Sep 2017,2017 Q3,"CO_oil2",0.0830737279335409
"479","10/31/2017",Oct 2017,2017 Q4,"CO_oil2",0.0479386385426654
"480","11/30/2017",Nov 2017,2017 Q4,"CO_oil2",0.049405306495883
"481","12/31/2017",Dec 2017,2017 Q4,"CO_oil2",0.047079337401918
"482","01/31/2018",Jan 2018,2018 Q1,"CO_oil2",0.0807660283097419
"483","02/28/2018",Feb 2018,2018 Q1,"CO_oil2",-0.0469953775038522
"484","03/31/2018",Mar 2018,2018 Q1,"CO_oil2",0.0582053354890866
"485","04/30/2018",Apr 2018,2018 Q2,"CO_oil2",0.0542398777692896
"486","05/31/2018",May 2018,2018 Q2,"CO_oil2",-0.0181159420289855
"487","06/30/2018",Jun 2018,2018 Q2,"CO_oil2",0.111439114391144
"488","07/31/2018",Jul 2018,2018 Q3,"CO_oil2",-0.051792828685259
"489","08/31/2018",Aug 2018,2018 Q3,"CO_oil2",0.0301120448179273
"490","09/30/2018",Sep 2018,2018 Q3,"CO_oil2",0.0550645819170631
"491","10/31/2018",Oct 2018,2018 Q4,"CO_oil2",-0.111469072164948
"492","11/30/2018",Nov 2018,2018 Q4,"CO_oil2",-0.221899927483684
"493","12/31/2018",Dec 2018,2018 Q4,"CO_oil2",-0.0997204100652377
"494","01/31/2019",Jan 2019,2019 Q1,"CO_oil2",0.174948240165631
"495","02/28/2019",Feb 2019,2019 Q1,"CO_oil2",0.052863436123348
"496","03/31/2019",Mar 2019,2019 Q1,"CO_oil2",0.0460251046025105
"497","04/30/2019",Apr 2019,2019 Q2,"CO_oil2",0.0631999999999999
"498","06/30/2013",Jun 2013,2013 Q2,"EQ_mid_cap",NA
"499","07/31/2013",Jul 2013,2013 Q3,"EQ_mid_cap",0.0666825064250593
"500","08/31/2013",Aug 2013,2013 Q3,"EQ_mid_cap",-0.0386417561079749
"501","09/30/2013",Sep 2013,2013 Q3,"EQ_mid_cap",0.0504989795845762
"502","10/31/2013",Oct 2013,2013 Q4,"EQ_mid_cap",0.036186108459452
"503","11/30/2013",Nov 2013,2013 Q4,"EQ_mid_cap",0.0124082762679809
"504","12/31/2013",Dec 2013,2013 Q4,"EQ_mid_cap",0.0285136848738398
"505","01/31/2014",Jan 2014,2014 Q1,"EQ_mid_cap",-0.0221949142775788
"506","02/28/2014",Feb 2014,2014 Q1,"EQ_mid_cap",0.0486221628638167
"507","03/31/2014",Mar 2014,2014 Q1,"EQ_mid_cap",0.000718910502491815
"508","04/30/2014",Apr 2014,2014 Q2,"EQ_mid_cap",-0.0148861032677386
"509","05/31/2014",May 2014,2014 Q2,"EQ_mid_cap",0.0163669140555325
"510","06/30/2014",Jun 2014,2014 Q2,"EQ_mid_cap",0.0385841550027074
"511","07/31/2014",Jul 2014,2014 Q3,"EQ_mid_cap",-0.0438670290441129
"512","08/31/2014",Aug 2014,2014 Q3,"EQ_mid_cap",0.0506160829563664
"513","09/30/2014",Sep 2014,2014 Q3,"EQ_mid_cap",-0.0474516064587608
"514","10/31/2014",Oct 2014,2014 Q4,"EQ_mid_cap",0.0352959560120661
"515","11/30/2014",Nov 2014,2014 Q4,"EQ_mid_cap",0.0183635134504011
"516","12/31/2014",Dec 2014,2014 Q4,"EQ_mid_cap",0.00422284129705033
"517","01/31/2015",Jan 2015,2015 Q1,"EQ_mid_cap",-0.0109860741334772
"518","02/28/2015",Feb 2015,2015 Q1,"EQ_mid_cap",0.050293042662691
"519","03/31/2015",Mar 2015,2015 Q1,"EQ_mid_cap",0.0110867172390932
"520","04/30/2015",Apr 2015,2015 Q2,"EQ_mid_cap",-0.0147525470622041
"521","05/31/2015",May 2015,2015 Q2,"EQ_mid_cap",0.0166209339180875
"522","06/30/2015",Jun 2015,2015 Q2,"EQ_mid_cap",-0.0161690733107488
"523","07/31/2015",Jul 2015,2015 Q3,"EQ_mid_cap",0.00106141283771233
"524","08/31/2015",Aug 2015,2015 Q3,"EQ_mid_cap",-0.0566382338161626
"525","09/30/2015",Sep 2015,2015 Q3,"EQ_mid_cap",-0.0353100813953489
"526","10/31/2015",Oct 2015,2015 Q4,"EQ_mid_cap",0.0555265059083391
"527","11/30/2015",Nov 2015,2015 Q4,"EQ_mid_cap",0.013360778501949
"528","12/31/2015",Dec 2015,2015 Q4,"EQ_mid_cap",-0.0457516638654059
"529","01/31/2016",Jan 2016,2016 Q1,"EQ_mid_cap",-0.0553849487785178
"530","02/29/2016",Feb 2016,2016 Q1,"EQ_mid_cap",0.0123765511839957
"531","03/31/2016",Mar 2016,2016 Q1,"EQ_mid_cap",0.0814192756942516
"532","04/30/2016",Apr 2016,2016 Q2,"EQ_mid_cap",0.0119138435904619
"533","05/31/2016",May 2016,2016 Q2,"EQ_mid_cap",0.0224562755887241
"534","06/30/2016",Jun 2016,2016 Q2,"EQ_mid_cap",0.00150836579148501
"535","07/31/2016",Jul 2016,2016 Q3,"EQ_mid_cap",0.042427313423574
"536","08/31/2016",Aug 2016,2016 Q3,"EQ_mid_cap",0.00458097119099659
"537","09/30/2016",Sep 2016,2016 Q3,"EQ_mid_cap",-0.00985687571256978
"538","10/31/2016",Oct 2016,2016 Q4,"EQ_mid_cap",-0.0265703060625407
"539","11/30/2016",Nov 2016,2016 Q4,"EQ_mid_cap",0.0788295842600191
"540","12/31/2016",Dec 2016,2016 Q4,"EQ_mid_cap",0.0178794930511636
"541","01/31/2017",Jan 2017,2017 Q1,"EQ_mid_cap",0.0164716826925116
"542","02/28/2017",Feb 2017,2017 Q1,"EQ_mid_cap",0.0259536735851187
"543","03/31/2017",Mar 2017,2017 Q1,"EQ_mid_cap",-0.00711876619692674
"544","04/30/2017",Apr 2017,2017 Q2,"EQ_mid_cap",0.0077779684363563
"545","05/31/2017",May 2017,2017 Q2,"EQ_mid_cap",-0.00470068595139233
"546","06/30/2017",Jun 2017,2017 Q2,"EQ_mid_cap",0.0135622429326713
"547","07/31/2017",Jul 2017,2017 Q3,"EQ_mid_cap",0.00906745496296599
"548","08/31/2017",Aug 2017,2017 Q3,"EQ_mid_cap",-0.015351054602184
"549","09/30/2017",Sep 2017,2017 Q3,"EQ_mid_cap",0.034064264030786
"550","10/31/2017",Oct 2017,2017 Q4,"EQ_mid_cap",0.0223393751429898
"551","11/30/2017",Nov 2017,2017 Q4,"EQ_mid_cap",0.0368383465745211
"552","12/31/2017",Dec 2017,2017 Q4,"EQ_mid_cap",-0.001445462675893
"553","01/31/2018",Jan 2018,2018 Q1,"EQ_mid_cap",0.0277640945222883
"554","02/28/2018",Feb 2018,2018 Q1,"EQ_mid_cap",-0.0443379999999999
"555","03/31/2018",Mar 2018,2018 Q1,"EQ_mid_cap",0.00728055452217893
"556","04/30/2018",Apr 2018,2018 Q2,"EQ_mid_cap",-0.00357007274962446
"557","05/31/2018",May 2018,2018 Q2,"EQ_mid_cap",0.0412028973832516
"558","06/30/2018",Jun 2018,2018 Q2,"EQ_mid_cap",0.00135381053707823
"559","07/31/2018",Jul 2018,2018 Q3,"EQ_mid_cap",0.0170413446776372
"560","08/31/2018",Aug 2018,2018 Q3,"EQ_mid_cap",0.0316281684399225
"561","09/30/2018",Sep 2018,2018 Q3,"EQ_mid_cap",-0.0135037158985131
"562","10/31/2018",Oct 2018,2018 Q4,"EQ_mid_cap",-0.0960920858456125
"563","11/30/2018",Nov 2018,2018 Q4,"EQ_mid_cap",0.0318831738410328
"564","12/31/2018",Dec 2018,2018 Q4,"EQ_mid_cap",-0.116910714153898
"565","01/31/2019",Jan 2019,2019 Q1,"EQ_mid_cap",0.102818233268454
"566","02/28/2019",Feb 2019,2019 Q1,"EQ_mid_cap",0.0432307487070412
"567","03/31/2019",Mar 2019,2019 Q1,"EQ_mid_cap",-0.00809834872178991
"568","04/30/2019",Apr 2019,2019 Q2,"EQ_mid_cap",0.0396641929298934
"569","06/30/2013",Jun 2013,2013 Q2,"EQ_small_cap",NA
"570","07/31/2013",Jul 2013,2013 Q3,"EQ_small_cap",0.0691085003455425
"571","08/31/2013",Aug 2013,2013 Q3,"EQ_small_cap",-0.0253177978883861
"572","09/30/2013",Sep 2013,2013 Q3,"EQ_small_cap",0.0593566251938406
"573","10/31/2013",Oct 2013,2013 Q4,"EQ_small_cap",0.0412145676633794
"574","11/30/2013",Nov 2013,2013 Q4,"EQ_small_cap",0.0412867421585329
"575","12/31/2013",Dec 2013,2013 Q4,"EQ_small_cap",-0.0117409484461188
"576","01/31/2014",Jan 2014,2014 Q1,"EQ_small_cap",-0.0360308104775381
"577","02/28/2014",Feb 2014,2014 Q1,"EQ_small_cap",0.0378826151708782
"578","03/31/2014",Mar 2014,2014 Q1,"EQ_small_cap",0.0107066188574386
"579","04/30/2014",Apr 2014,2014 Q2,"EQ_small_cap",-0.0294683948177347
"580","05/31/2014",May 2014,2014 Q2,"EQ_small_cap",-0.000198412387347002
"581","06/30/2014",Jun 2014,2014 Q2,"EQ_small_cap",0.0434696100938942
"582","07/31/2014",Jul 2014,2014 Q3,"EQ_small_cap",-0.0534525775156933
"583","08/31/2014",Aug 2014,2014 Q3,"EQ_small_cap",0.042905990470498
"584","09/30/2014",Sep 2014,2014 Q3,"EQ_small_cap",-0.053280643607284
"585","10/31/2014",Oct 2014,2014 Q4,"EQ_small_cap",0.0683900047142274
"586","11/30/2014",Nov 2014,2014 Q4,"EQ_small_cap",0.00647742402448381
"587","12/31/2014",Dec 2014,2014 Q4,"EQ_small_cap",-0.0107893995536854
"588","01/31/2015",Jan 2015,2015 Q1,"EQ_small_cap",-0.0336777280397141
"589","02/28/2015",Feb 2015,2015 Q1,"EQ_small_cap",0.0646534455445545
"590","03/31/2015",Mar 2015,2015 Q1,"EQ_small_cap",0.0108806660630645
"591","04/30/2015",Apr 2015,2015 Q2,"EQ_small_cap",-0.0255749595427767
"592","05/31/2015",May 2015,2015 Q2,"EQ_small_cap",0.0173716393008239
"593","06/30/2015",Jun 2015,2015 Q2,"EQ_small_cap",0.00593912386898434
"594","07/31/2015",Jul 2015,2015 Q3,"EQ_small_cap",-0.00867160500605901
"595","08/31/2015",Aug 2015,2015 Q3,"EQ_small_cap",-0.0512749302065885
"596","09/30/2015",Sep 2015,2015 Q3,"EQ_small_cap",-0.0432564607457169
"597","10/31/2015",Oct 2015,2015 Q4,"EQ_small_cap",0.0651014968218166
"598","11/30/2015",Nov 2015,2015 Q4,"EQ_small_cap",0.0288766965059197
"599","12/31/2015",Dec 2015,2015 Q4,"EQ_small_cap",-0.0738142015155768
"600","01/31/2016",Jan 2016,2016 Q1,"EQ_small_cap",-0.0612121010101009
"601","02/29/2016",Feb 2016,2016 Q1,"EQ_small_cap",0.00806972222789494
"602","03/31/2016",Mar 2016,2016 Q1,"EQ_small_cap",0.0804781923262205
"603","04/30/2016",Apr 2016,2016 Q2,"EQ_small_cap",0.0104711642607464
"604","05/31/2016",May 2016,2016 Q2,"EQ_small_cap",0.0185746602795972
"605","06/30/2016",Jun 2016,2016 Q2,"EQ_small_cap",0.00249538338621005
"606","07/31/2016",Jul 2016,2016 Q3,"EQ_small_cap",0.0494974265006195
"607","08/31/2016",Aug 2016,2016 Q3,"EQ_small_cap",0.0140485492784428
"608","09/30/2016",Sep 2016,2016 Q3,"EQ_small_cap",0.00341845975464346
"609","10/31/2016",Oct 2016,2016 Q4,"EQ_small_cap",-0.0442890622198315
"610","11/30/2016",Nov 2016,2016 Q4,"EQ_small_cap",0.125891165588953
"611","12/31/2016",Dec 2016,2016 Q4,"EQ_small_cap",0.00674892540406339
"612","01/31/2017",Jan 2017,2017 Q1,"EQ_small_cap",-0.00620706767843966
"613","02/28/2017",Feb 2017,2017 Q1,"EQ_small_cap",0.0171552129054762
"614","03/31/2017",Mar 2017,2017 Q1,"EQ_small_cap",-0.00687732110692647
"615","04/30/2017",Apr 2017,2017 Q2,"EQ_small_cap",0.00873863120400225
"616","05/31/2017",May 2017,2017 Q2,"EQ_small_cap",-0.0173259398496241
"617","06/30/2017",Jun 2017,2017 Q2,"EQ_small_cap",0.0242016304757424
"618","07/31/2017",Jul 2017,2017 Q3,"EQ_small_cap",0.0107998536613909
"619","08/31/2017",Aug 2017,2017 Q3,"EQ_small_cap",-0.0251446489349405
"620","09/30/2017",Sep 2017,2017 Q3,"EQ_small_cap",0.0719407016389074
"621","10/31/2017",Oct 2017,2017 Q4,"EQ_small_cap",0.0103013221048381
"622","11/30/2017",Nov 2017,2017 Q4,"EQ_small_cap",0.03682845893819
"623","12/31/2017",Dec 2017,2017 Q4,"EQ_small_cap",-0.0239248065723532
"624","01/31/2018",Jan 2018,2018 Q1,"EQ_small_cap",0.0251127518796994
"625","02/28/2018",Feb 2018,2018 Q1,"EQ_small_cap",-0.0376998690831707
"626","03/31/2018",Mar 2018,2018 Q1,"EQ_small_cap",0.0136433693183954
"627","04/30/2018",Apr 2018,2018 Q2,"EQ_small_cap",0.0124069022148927
"628","05/31/2018",May 2018,2018 Q2,"EQ_small_cap",0.066770677361854
"629","06/30/2018",Jun 2018,2018 Q2,"EQ_small_cap",0.00675347749764035
"630","07/31/2018",Jul 2018,2018 Q3,"EQ_small_cap",0.0313969143265456
"631","08/31/2018",Aug 2018,2018 Q3,"EQ_small_cap",0.0476063162129543
"632","09/30/2018",Sep 2018,2018 Q3,"EQ_small_cap",-0.0339221953178881
"633","10/31/2018",Oct 2018,2018 Q4,"EQ_small_cap",-0.105074862792171
"634","11/30/2018",Nov 2018,2018 Q4,"EQ_small_cap",0.0155462686475233
"635","12/31/2018",Dec 2018,2018 Q4,"EQ_small_cap",-0.125674230976774
"636","01/31/2019",Jan 2019,2019 Q1,"EQ_small_cap",0.105552807978109
"637","02/28/2019",Feb 2019,2019 Q1,"EQ_small_cap",0.0435897265344016
"638","03/31/2019",Mar 2019,2019 Q1,"EQ_small_cap",-0.0364215049451798
"639","04/30/2019",Apr 2019,2019 Q2,"EQ_small_cap",0.0380981112373813
"640","06/30/2013",Jun 2013,2013 Q2,"EQ_deved_intl",NA
"641","07/31/2013",Jul 2013,2013 Q3,"EQ_deved_intl",0.0529247931923912
"642","08/31/2013",Aug 2013,2013 Q3,"EQ_deved_intl",-0.0113378311163201
"643","09/30/2013",Sep 2013,2013 Q3,"EQ_deved_intl",0.0707186544342508
"644","10/31/2013",Oct 2013,2013 Q4,"EQ_deved_intl",0.0321313816494109
"645","11/30/2013",Nov 2013,2013 Q4,"EQ_deved_intl",0.00484258042199929
"646","12/31/2013",Dec 2013,2013 Q4,"EQ_deved_intl",0.00998282306309202
"647","01/31/2014",Jan 2014,2014 Q1,"EQ_deved_intl",-0.0518064076346285
"648","02/28/2014",Feb 2014,2014 Q1,"EQ_deved_intl",0.0600287562904385
"649","03/31/2014",Mar 2014,2014 Q1,"EQ_deved_intl",-0.00339101390301793
"650","04/30/2014",Apr 2014,2014 Q2,"EQ_deved_intl",0.0146308613348371
"651","05/31/2014",May 2014,2014 Q2,"EQ_deved_intl",0.0181086854460094
"652","06/30/2014",Jun 2014,2014 Q2,"EQ_deved_intl",-0.00329384047121734
"653","07/31/2014",Jul 2014,2014 Q3,"EQ_deved_intl",-0.0218109715796431
"654","08/31/2014",Aug 2014,2014 Q3,"EQ_deved_intl",0.00270270270270265
"655","09/30/2014",Sep 2014,2014 Q3,"EQ_deved_intl",-0.0441374326145553
"656","10/31/2014",Oct 2014,2014 Q4,"EQ_deved_intl",-0.00493482534597013
"657","11/30/2014",Nov 2014,2014 Q4,"EQ_deved_intl",-0.002125398512221
"658","12/31/2014",Dec 2014,2014 Q4,"EQ_deved_intl",-0.0450834220802273
"659","01/31/2015",Jan 2015,2015 Q1,"EQ_deved_intl",0.000371747211895969
"660","02/28/2015",Feb 2015,2015 Q1,"EQ_deved_intl",0.061687105165366
"661","03/31/2015",Mar 2015,2015 Q1,"EQ_deved_intl",-0.0119005950297515
"662","04/30/2015",Apr 2015,2015 Q2,"EQ_deved_intl",0.0414452709883102
"663","05/31/2015",May 2015,2015 Q2,"EQ_deved_intl",-0.00204081632653057
"664","06/30/2015",Jun 2015,2015 Q2,"EQ_deved_intl",-0.04158142467621
"665","07/31/2015",Jul 2015,2015 Q3,"EQ_deved_intl",0.00924601674089567
"666","08/31/2015",Aug 2015,2015 Q3,"EQ_deved_intl",-0.0694150482528206
"667","09/30/2015",Sep 2015,2015 Q3,"EQ_deved_intl",-0.0408936009087468
"668","10/31/2015",Oct 2015,2015 Q4,"EQ_deved_intl",0.0655349388077379
"669","11/30/2015",Nov 2015,2015 Q4,"EQ_deved_intl",-0.0100037421267135
"670","12/31/2015",Dec 2015,2015 Q4,"EQ_deved_intl",-0.0363023591430524
"671","01/31/2016",Jan 2016,2016 Q1,"EQ_deved_intl",-0.0601941359223301
"672","02/29/2016",Feb 2016,2016 Q1,"EQ_deved_intl",-0.0243801642818114
"673","03/31/2016",Mar 2016,2016 Q1,"EQ_deved_intl",0.0720033006351842
"674","04/30/2016",Apr 2016,2016 Q2,"EQ_deved_intl",0.0248914272971721
"675","05/31/2016",May 2016,2016 Q2,"EQ_deved_intl",-0.00346958352083322
"676","06/30/2016",Jun 2016,2016 Q2,"EQ_deved_intl",-0.0355899419729208
"677","07/31/2016",Jul 2016,2016 Q3,"EQ_deved_intl",0.0409146008824709
"678","08/31/2016",Aug 2016,2016 Q3,"EQ_deved_intl",0.0046242387428039
"679","09/30/2016",Sep 2016,2016 Q3,"EQ_deved_intl",0.0153432681242808
"680","10/31/2016",Oct 2016,2016 Q4,"EQ_deved_intl",-0.0226670956806611
"681","11/30/2016",Nov 2016,2016 Q4,"EQ_deved_intl",-0.0135292225152987
"682","12/31/2016",Dec 2016,2016 Q4,"EQ_deved_intl",0.00705333072100316
"683","01/31/2017",Jan 2017,2017 Q1,"EQ_deved_intl",0.0357976639767445
"684","02/28/2017",Feb 2017,2017 Q1,"EQ_deved_intl",0.0120210363628461
"685","03/31/2017",Mar 2017,2017 Q1,"EQ_deved_intl",0.0293243864393324
"686","04/30/2017",Apr 2017,2017 Q2,"EQ_deved_intl",0.0205553191489361
"687","05/31/2017",May 2017,2017 Q2,"EQ_deved_intl",0.0360424394361286
"688","06/30/2017",Jun 2017,2017 Q2,"EQ_deved_intl",-0.0064802523874488
"689","07/31/2017",Jul 2017,2017 Q3,"EQ_deved_intl",0.0278064547822332
"690","08/31/2017",Aug 2017,2017 Q3,"EQ_deved_intl",-0.0023380092739476
"691","09/30/2017",Sep 2017,2017 Q3,"EQ_deved_intl",0.0267826907672351
"692","10/31/2017",Oct 2017,2017 Q4,"EQ_deved_intl",0.016628627323117
"693","11/30/2017",Nov 2017,2017 Q4,"EQ_deved_intl",0.00833871071199484
"694","12/31/2017",Dec 2017,2017 Q4,"EQ_deved_intl",0.00826971983874942
"695","01/31/2018",Jan 2018,2018 Q1,"EQ_deved_intl",0.0479495253012769
"696","02/28/2018",Feb 2018,2018 Q1,"EQ_deved_intl",-0.0499699563524999
"697","03/31/2018",Mar 2018,2018 Q1,"EQ_deved_intl",-0.00411910659439506
"698","04/30/2018",Apr 2018,2018 Q2,"EQ_deved_intl",0.0139993954820235
"699","05/31/2018",May 2018,2018 Q2,"EQ_deved_intl",-0.0163163157729426
"700","06/30/2018",Jun 2018,2018 Q2,"EQ_deved_intl",-0.0303030303030304
"701","07/31/2018",Jul 2018,2018 Q3,"EQ_deved_intl",0.0213815460526316
"702","08/31/2018",Aug 2018,2018 Q3,"EQ_deved_intl",-0.0167471180916947
"703","09/30/2018",Sep 2018,2018 Q3,"EQ_deved_intl",0.00786108719747507
"704","10/31/2018",Oct 2018,2018 Q4,"EQ_deved_intl",-0.088072830679233
"705","11/30/2018",Nov 2018,2018 Q4,"EQ_deved_intl",0.00890948000390164
"706","12/31/2018",Dec 2018,2018 Q4,"EQ_deved_intl",-0.0657010973402013
"707","01/31/2019",Jan 2019,2019 Q1,"EQ_deved_intl",0.0759923600759032
"708","02/28/2019",Feb 2019,2019 Q1,"EQ_deved_intl",0.0221363676084458
"709","03/31/2019",Mar 2019,2019 Q1,"EQ_deved_intl",0.00412509453420419
"710","04/30/2019",Apr 2019,2019 Q2,"EQ_deved_intl",0.0270455675126863
"711","06/30/2013",Jun 2013,2013 Q2,"EQ_deving_intl",NA
"712","07/31/2013",Jul 2013,2013 Q3,"EQ_deving_intl",0.0234859587317565
"713","08/31/2013",Aug 2013,2013 Q3,"EQ_deving_intl",-0.0358957231895009
"714","09/30/2013",Sep 2013,2013 Q3,"EQ_deving_intl",0.0732744304658279
"715","10/31/2013",Oct 2013,2013 Q4,"EQ_deving_intl",0.0441944544845731
"716","11/30/2013",Nov 2013,2013 Q4,"EQ_deving_intl",-0.0131977249149796
"717","12/31/2013",Dec 2013,2013 Q4,"EQ_deving_intl",-0.00599538779428823
"718","01/31/2014",Jan 2014,2014 Q1,"EQ_deving_intl",-0.0801114085919327
"719","02/28/2014",Feb 2014,2014 Q1,"EQ_deving_intl",0.0277404505716207
"720","03/31/2014",Mar 2014,2014 Q1,"EQ_deving_intl",0.0366431527353787
"721","04/30/2014",Apr 2014,2014 Q2,"EQ_deving_intl",0.00710118374944556
"722","05/31/2014",May 2014,2014 Q2,"EQ_deving_intl",0.0324349733625823
"723","06/30/2014",Jun 2014,2014 Q2,"EQ_deving_intl",0.0265594172105024
"724","07/31/2014",Jul 2014,2014 Q3,"EQ_deving_intl",0.0147841513897102
"725","08/31/2014",Aug 2014,2014 Q3,"EQ_deving_intl",0.0364219114219114
"726","09/30/2014",Sep 2014,2014 Q3,"EQ_deving_intl",-0.0653640989597976
"727","10/31/2014",Oct 2014,2014 Q4,"EQ_deving_intl",0.0186495117656643
"728","11/30/2014",Nov 2014,2014 Q4,"EQ_deving_intl",-0.0156504641576573
"729","12/31/2014",Dec 2014,2014 Q4,"EQ_deving_intl",-0.0574470993684446
"730","01/31/2015",Jan 2015,2015 Q1,"EQ_deving_intl",0.00366008911521319
"731","02/28/2015",Feb 2015,2015 Q1,"EQ_deving_intl",0.0426510543840178
"732","03/31/2015",Mar 2015,2015 Q1,"EQ_deving_intl",-0.0234184907719438
"733","04/30/2015",Apr 2015,2015 Q2,"EQ_deving_intl",0.0714729968398319
"734","05/31/2015",May 2015,2015 Q2,"EQ_deving_intl",-0.0293561700147119
"735","06/30/2015",Jun 2015,2015 Q2,"EQ_deving_intl",-0.0351848779757449
"736","07/31/2015",Jul 2015,2015 Q3,"EQ_deving_intl",-0.0657976702111214
"737","08/31/2015",Aug 2015,2015 Q3,"EQ_deving_intl",-0.0980066445182725
"738","09/30/2015",Sep 2015,2015 Q3,"EQ_deving_intl",-0.0346225046040515
"739","10/31/2015",Oct 2015,2015 Q4,"EQ_deving_intl",0.0679130510459004
"740","11/30/2015",Nov 2015,2015 Q4,"EQ_deving_intl",-0.0257234726688103
"741","12/31/2015",Dec 2015,2015 Q4,"EQ_deving_intl",-0.0451044737807114
"742","01/31/2016",Jan 2016,2016 Q1,"EQ_deving_intl",-0.060483907047469
"743","02/29/2016",Feb 2016,2016 Q1,"EQ_deving_intl",-0.000408747189863134
"744","03/31/2016",Mar 2016,2016 Q1,"EQ_deving_intl",0.118789654467389
"745","04/30/2016",Apr 2016,2016 Q2,"EQ_deving_intl",0.0138888518315477
"746","05/31/2016",May 2016,2016 Q2,"EQ_deving_intl",-0.0311824080749819
"747","06/30/2016",Jun 2016,2016 Q2,"EQ_deving_intl",0.0336744558139534
"748","07/31/2016",Jul 2016,2016 Q3,"EQ_deving_intl",0.0484160889699033
"749","08/31/2016",Aug 2016,2016 Q3,"EQ_deving_intl",0.0188840858369099
"750","09/30/2016",Sep 2016,2016 Q3,"EQ_deving_intl",0.0207245836806937
"751","10/31/2016",Oct 2016,2016 Q4,"EQ_deving_intl",0.00478699224869623
"752","11/30/2016",Nov 2016,2016 Q4,"EQ_deving_intl",-0.0473138835982877
"753","12/31/2016",Dec 2016,2016 Q4,"EQ_deving_intl",-0.0122435588120862
"754","01/31/2017",Jan 2017,2017 Q1,"EQ_deving_intl",0.059182962960299
"755","02/28/2017",Feb 2017,2017 Q1,"EQ_deving_intl",0.0313169946041535
"756","03/31/2017",Mar 2017,2017 Q1,"EQ_deving_intl",0.0254116030046348
"757","04/30/2017",Apr 2017,2017 Q2,"EQ_deving_intl",0.0158976922757051
"758","05/31/2017",May 2017,2017 Q2,"EQ_deving_intl",0.0168763117520712
"759","06/30/2017",Jun 2017,2017 Q2,"EQ_deving_intl",0.00497890781469235
"760","07/31/2017",Jul 2017,2017 Q3,"EQ_deving_intl",0.0562978531751989
"761","08/31/2017",Aug 2017,2017 Q3,"EQ_deving_intl",0.0353893973848778
"762","09/30/2017",Sep 2017,2017 Q3,"EQ_deving_intl",-0.00521614290229638
"763","10/31/2017",Oct 2017,2017 Q4,"EQ_deving_intl",0.0244238436753459
"764","11/30/2017",Nov 2017,2017 Q4,"EQ_deving_intl",0.00215522635116451
"765","12/31/2017",Dec 2017,2017 Q4,"EQ_deving_intl",0.0255376606038263
"766","01/31/2018",Jan 2018,2018 Q1,"EQ_deving_intl",0.0893839795866852
"767","02/28/2018",Feb 2018,2018 Q1,"EQ_deving_intl",-0.0471608025225986
"768","03/31/2018",Mar 2018,2018 Q1,"EQ_deving_intl",-0.00757573270584508
"769","04/30/2018",Apr 2018,2018 Q2,"EQ_deving_intl",-0.0310431814514804
"770","05/31/2018",May 2018,2018 Q2,"EQ_deving_intl",-0.0259979503152336
"771","06/30/2018",Jun 2018,2018 Q2,"EQ_deving_intl",-0.0471825289835535
"772","07/31/2018",Jul 2018,2018 Q3,"EQ_deving_intl",0.0365025749858516
"773","08/31/2018",Aug 2018,2018 Q3,"EQ_deving_intl",-0.0384930374421774
"774","09/30/2018",Sep 2018,2018 Q3,"EQ_deving_intl",-0.0110732251256893
"775","10/31/2018",Oct 2018,2018 Q4,"EQ_deving_intl",-0.07407412724237
"776","11/30/2018",Nov 2018,2018 Q4,"EQ_deving_intl",0.0505426666666667
"777","12/31/2018",Dec 2018,2018 Q4,"EQ_deving_intl",-0.0448642253581989
"778","01/31/2019",Jan 2019,2019 Q1,"EQ_deving_intl",0.095488254156729
"779","02/28/2019",Feb 2019,2019 Q1,"EQ_deving_intl",-0.00930894190947979
"780","03/31/2019",Mar 2019,2019 Q1,"EQ_deving_intl",0.0182232066692258
"781","04/30/2019",Apr 2019,2019 Q2,"EQ_deving_intl",0.0195749731305913
"782","06/30/2013",Jun 2013,2013 Q2,"EQ_large_cap",NA
"783","07/31/2013",Jul 2013,2013 Q3,"EQ_large_cap",0.0516769050202831
"784","08/31/2013",Aug 2013,2013 Q3,"EQ_large_cap",-0.0299923702806793
"785","09/30/2013",Sep 2013,2013 Q3,"EQ_large_cap",0.0266422313464919
"786","10/31/2013",Oct 2013,2013 Q4,"EQ_large_cap",0.0463067569283602
"787","11/30/2013",Nov 2013,2013 Q4,"EQ_large_cap",0.029637676815881
"788","12/31/2013",Dec 2013,2013 Q4,"EQ_large_cap",0.0203867513812154
"789","01/31/2014",Jan 2014,2014 Q1,"EQ_large_cap",-0.0352483021793459
"790","02/28/2014",Feb 2014,2014 Q1,"EQ_large_cap",0.0455157723572254
"791","03/31/2014",Mar 2014,2014 Q1,"EQ_large_cap",0.00386495263865297
"792","04/30/2014",Apr 2014,2014 Q2,"EQ_large_cap",0.00695151614757277
"793","05/31/2014",May 2014,2014 Q2,"EQ_large_cap",0.0232063886485729
"794","06/30/2014",Jun 2014,2014 Q2,"EQ_large_cap",0.0157774969402246
"795","07/31/2014",Jul 2014,2014 Q3,"EQ_large_cap",-0.0134375893447905
"796","08/31/2014",Aug 2014,2014 Q3,"EQ_large_cap",0.0394635204197735
"797","09/30/2014",Sep 2014,2014 Q3,"EQ_large_cap",-0.018384748499361
"798","10/31/2014",Oct 2014,2014 Q4,"EQ_large_cap",0.0235509080590618
"799","11/30/2014",Nov 2014,2014 Q4,"EQ_large_cap",0.0274719472880701
"800","12/31/2014",Dec 2014,2014 Q4,"EQ_large_cap",-0.00801160243260036
"801","01/31/2015",Jan 2015,2015 Q1,"EQ_large_cap",-0.029629250790137
"802","02/28/2015",Feb 2015,2015 Q1,"EQ_large_cap",0.0562045984889134
"803","03/31/2015",Mar 2015,2015 Q1,"EQ_large_cap",-0.0200798011947251
"804","04/30/2015",Apr 2015,2015 Q2,"EQ_large_cap",0.00983391013339808
"805","05/31/2015",May 2015,2015 Q2,"EQ_large_cap",0.0128561446320972
"806","06/30/2015",Jun 2015,2015 Q2,"EQ_large_cap",-0.0250544331962414
"807","07/31/2015",Jul 2015,2015 Q3,"EQ_large_cap",0.0225892342213485
"808","08/31/2015",Aug 2015,2015 Q3,"EQ_large_cap",-0.0609501282660333
"809","09/30/2015",Sep 2015,2015 Q3,"EQ_large_cap",-0.0305559420302113
"810","10/31/2015",Oct 2015,2015 Q4,"EQ_large_cap",0.0850596857209286
"811","11/30/2015",Nov 2015,2015 Q4,"EQ_large_cap",0.00365511963442425
"812","12/31/2015",Dec 2015,2015 Q4,"EQ_large_cap",-0.0230964921836553
"813","01/31/2016",Jan 2016,2016 Q1,"EQ_large_cap",-0.0497866005245156
"814","02/29/2016",Feb 2016,2016 Q1,"EQ_large_cap",-0.000825949820225269
"815","03/31/2016",Mar 2016,2016 Q1,"EQ_large_cap",0.0617896575923709
"816","04/30/2016",Apr 2016,2016 Q2,"EQ_large_cap",0.00394121245735285
"817","05/31/2016",May 2016,2016 Q2,"EQ_large_cap",0.017011554141312
"818","06/30/2016",Jun 2016,2016 Q2,"EQ_large_cap",-0.00171559286533733
"819","07/31/2016",Jul 2016,2016 Q3,"EQ_large_cap",0.0364712580956894
"820","08/31/2016",Aug 2016,2016 Q3,"EQ_large_cap",0.00119754055816012
"821","09/30/2016",Sep 2016,2016 Q3,"EQ_large_cap",-0.00496826743563654
"822","10/31/2016",Oct 2016,2016 Q4,"EQ_large_cap",-0.0173370316596806
"823","11/30/2016",Nov 2016,2016 Q4,"EQ_large_cap",0.0368383998564329
"824","12/31/2016",Dec 2016,2016 Q4,"EQ_large_cap",0.0142934655074538
"825","01/31/2017",Jan 2017,2017 Q1,"EQ_large_cap",0.0178946898308714
"826","02/28/2017",Feb 2017,2017 Q1,"EQ_large_cap",0.0392915309598362
"827","03/31/2017",Mar 2017,2017 Q1,"EQ_large_cap",-0.00308705542738167
"828","04/30/2017",Apr 2017,2017 Q2,"EQ_large_cap",0.00992617693377927
"829","05/31/2017",May 2017,2017 Q2,"EQ_large_cap",0.0141129031072504
"830","06/30/2017",Jun 2017,2017 Q2,"EQ_large_cap",0.00149105780739685
"831","07/31/2017",Jul 2017,2017 Q3,"EQ_large_cap",0.0205541808864245
"832","08/31/2017",Aug 2017,2017 Q3,"EQ_large_cap",0.00291770064565869
"833","09/30/2017",Sep 2017,2017 Q3,"EQ_large_cap",0.0151116850153201
"834","10/31/2017",Oct 2017,2017 Q4,"EQ_large_cap",0.0235640572155245
"835","11/30/2017",Nov 2017,2017 Q4,"EQ_large_cap",0.0305658805498554
"836","12/31/2017",Dec 2017,2017 Q4,"EQ_large_cap",0.00698077404698778
"837","01/31/2018",Jan 2018,2018 Q1,"EQ_large_cap",0.0563591765172287
"838","02/28/2018",Feb 2018,2018 Q1,"EQ_large_cap",-0.0363604122673376
"839","03/31/2018",Mar 2018,2018 Q1,"EQ_large_cap",-0.0312902638974474
"840","04/30/2018",Apr 2018,2018 Q2,"EQ_large_cap",0.00516821596431437
"841","05/31/2018",May 2018,2018 Q2,"EQ_large_cap",0.0243090686813704
"842","06/30/2018",Jun 2018,2018 Q2,"EQ_large_cap",0.0012548792998089
"843","07/31/2018",Jul 2018,2018 Q3,"EQ_large_cap",0.037046549826919
"844","08/31/2018",Aug 2018,2018 Q3,"EQ_large_cap",0.0319198500513918
"845","09/30/2018",Sep 2018,2018 Q3,"EQ_large_cap",0.00141229376468122
"846","10/31/2018",Oct 2018,2018 Q4,"EQ_large_cap",-0.0691042787936701
"847","11/30/2018",Nov 2018,2018 Q4,"EQ_large_cap",0.0185492698786301
"848","12/31/2018",Dec 2018,2018 Q4,"EQ_large_cap",-0.0933429949575838
"849","01/31/2019",Jan 2019,2019 Q1,"EQ_large_cap",0.0800656016330475
"850","02/28/2019",Feb 2019,2019 Q1,"EQ_large_cap",0.0324158123473148
"851","03/31/2019",Mar 2019,2019 Q1,"EQ_large_cap",0.0136357761427099
"852","04/30/2019",Apr 2019,2019 Q2,"EQ_large_cap",0.0408523702585101
"853","06/30/2013",Jun 2013,2013 Q2,"FI_deved_intl",NA
"854","07/31/2013",Jul 2013,2013 Q3,"FI_deved_intl",0.00161914592187817
"855","08/31/2013",Aug 2013,2013 Q3,"FI_deved_intl",-0.00323297622820861
"856","09/30/2013",Sep 2013,2013 Q3,"FI_deved_intl",0.0064869245292145
"857","10/31/2013",Oct 2013,2013 Q4,"FI_deved_intl",0.00886199360072539
"858","11/30/2013",Nov 2013,2013 Q4,"FI_deved_intl",-0.00139748452784988
"859","12/31/2013",Dec 2013,2013 Q4,"FI_deved_intl",-0.00799682127149147
"860","01/31/2014",Jan 2014,2014 Q1,"FI_deved_intl",0.0143088072210562
"861","02/28/2014",Feb 2014,2014 Q1,"FI_deved_intl",0.00357631617022393
"862","03/31/2014",Mar 2014,2014 Q1,"FI_deved_intl",0.00197986545158829
"863","04/30/2014",Apr 2014,2014 Q2,"FI_deved_intl",0.00474208645046268
"864","05/31/2014",May 2014,2014 Q2,"FI_deved_intl",0.00609640141972075
"865","06/30/2014",Jun 2014,2014 Q2,"FI_deved_intl",0.00488663017982799
"866","07/31/2014",Jul 2014,2014 Q3,"FI_deved_intl",0.00389031316864424
"867","08/31/2014",Aug 2014,2014 Q3,"FI_deved_intl",0.0122069557797528
"868","09/30/2014",Sep 2014,2014 Q3,"FI_deved_intl",-0.00248853359538539
"869","10/31/2014",Oct 2014,2014 Q4,"FI_deved_intl",0.00498940692785638
"870","11/30/2014",Nov 2014,2014 Q4,"FI_deved_intl",0.00763797990525077
"871","12/31/2014",Dec 2014,2014 Q4,"FI_deved_intl",0.00644307371612647
"872","01/31/2015",Jan 2015,2015 Q1,"FI_deved_intl",0.0178874031653662
"873","02/28/2015",Feb 2015,2015 Q1,"FI_deved_intl",-0.00314469102581032
"874","03/31/2015",Mar 2015,2015 Q1,"FI_deved_intl",0.00371128231047101
"875","04/30/2015",Apr 2015,2015 Q2,"FI_deved_intl",-0.0112775004621928
"876","05/31/2015",May 2015,2015 Q2,"FI_deved_intl",-0.00635753552729981
"877","06/30/2015",Jun 2015,2015 Q2,"FI_deved_intl",-0.014490026618179
"878","07/31/2015",Jul 2015,2015 Q3,"FI_deved_intl",0.0116479093306837
"879","08/31/2015",Aug 2015,2015 Q3,"FI_deved_intl",-0.00792750094375231
"880","09/30/2015",Sep 2015,2015 Q3,"FI_deved_intl",0.00703955466058686
"881","10/31/2015",Oct 2015,2015 Q4,"FI_deved_intl",0.00472321934630644
"882","11/30/2015",Nov 2015,2015 Q4,"FI_deved_intl",0.000376100037608135
"883","12/31/2015",Dec 2015,2015 Q4,"FI_deved_intl",-0.00601503748092035
"884","01/31/2016",Jan 2016,2016 Q1,"FI_deved_intl",0.0130483923402346
"885","02/29/2016",Feb 2016,2016 Q1,"FI_deved_intl",0.0115736232966212
"886","03/31/2016",Mar 2016,2016 Q1,"FI_deved_intl",0.00645879325445266
"887","04/30/2016",Apr 2016,2016 Q2,"FI_deved_intl",-0.00366705163793439
"888","05/31/2016",May 2016,2016 Q2,"FI_deved_intl",0.00644090909090903
"889","06/30/2016",Jun 2016,2016 Q2,"FI_deved_intl",0.0184677640970518
"890","07/31/2016",Jul 2016,2016 Q3,"FI_deved_intl",0.00718127455688913
"891","08/31/2016",Aug 2016,2016 Q3,"FI_deved_intl",-0.000178217475159196
"892","09/30/2016",Sep 2016,2016 Q3,"FI_deved_intl",-0.000891406667855354
"893","10/31/2016",Oct 2016,2016 Q4,"FI_deved_intl",-0.0135617770599255
"894","11/30/2016",Nov 2016,2016 Q4,"FI_deved_intl",-0.0135672940225632
"895","12/31/2016",Dec 2016,2016 Q4,"FI_deved_intl",-0.00440121042364222
"896","01/31/2017",Jan 2017,2017 Q1,"FI_deved_intl",-0.00976244225893445
"897","02/28/2017",Feb 2017,2017 Q1,"FI_deved_intl",0.00799853080351672
"898","03/31/2017",Mar 2017,2017 Q1,"FI_deved_intl",-0.00110717846663921
"899","04/30/2017",Apr 2017,2017 Q2,"FI_deved_intl",0.00406423417579466
"900","05/31/2017",May 2017,2017 Q2,"FI_deved_intl",0.00643979784507078
"901","06/30/2017",Jun 2017,2017 Q2,"FI_deved_intl",-0.00621572200702525
"902","07/31/2017",Jul 2017,2017 Q3,"FI_deved_intl",0.000735853555263984
"903","08/31/2017",Aug 2017,2017 Q3,"FI_deved_intl",0.00845586365971083
"904","09/30/2017",Sep 2017,2017 Q3,"FI_deved_intl",-0.00492163680419899
"905","10/31/2017",Oct 2017,2017 Q4,"FI_deved_intl",0.00531234658362331
"906","11/30/2017",Nov 2017,2017 Q4,"FI_deved_intl",0.00145768947781184
"907","12/31/2017",Dec 2017,2017 Q4,"FI_deved_intl",-0.0107350802535496
"908","01/31/2018",Jan 2018,2018 Q1,"FI_deved_intl",-0.00570163703699903
"909","02/28/2018",Feb 2018,2018 Q1,"FI_deved_intl",0.00166483533731346
"910","03/31/2018",Mar 2018,2018 Q1,"FI_deved_intl",0.0107109506662621
"911","04/30/2018",Apr 2018,2018 Q2,"FI_deved_intl",-0.00237533345514339
"912","05/31/2018",May 2018,2018 Q2,"FI_deved_intl",-0.0031135165975647
"913","06/30/2018",Jun 2018,2018 Q2,"FI_deved_intl",0.00514420356421098
"914","07/31/2018",Jul 2018,2018 Q3,"FI_deved_intl",0.000548400668038644
"915","08/31/2018",Aug 2018,2018 Q3,"FI_deved_intl",-0.000365381791546034
"916","09/30/2018",Sep 2018,2018 Q3,"FI_deved_intl",-0.003289473624096
"917","10/31/2018",Oct 2018,2018 Q4,"FI_deved_intl",-0.000183388335471429
"918","11/30/2018",Nov 2018,2018 Q4,"FI_deved_intl",0.00421784346630937
"919","12/31/2018",Dec 2018,2018 Q4,"FI_deved_intl",-0.00931333123861697
"920","01/31/2019",Jan 2019,2019 Q1,"FI_deved_intl",0.00995393548387091
"921","02/28/2019",Feb 2019,2019 Q1,"FI_deved_intl",0.00109503557045021
"922","03/31/2019",Mar 2019,2019 Q1,"FI_deved_intl",0.016773054394642
"923","04/30/2019",Apr 2019,2019 Q2,"FI_deved_intl",0.000717249417249357
"924","06/30/2013",Jun 2013,2013 Q2,"FI_deving_intl",NA
"925","07/31/2013",Jul 2013,2013 Q3,"FI_deving_intl",0.00944350758853292
"926","08/31/2013",Aug 2013,2013 Q3,"FI_deving_intl",-0.0324089876378216
"927","09/30/2013",Sep 2013,2013 Q3,"FI_deving_intl",0.0438536272048905
"928","10/31/2013",Oct 2013,2013 Q4,"FI_deving_intl",0.0148858749586503
"929","11/30/2013",Nov 2013,2013 Q4,"FI_deving_intl",-0.0273794002607562
"930","12/31/2013",Dec 2013,2013 Q4,"FI_deving_intl",-0.00301608579088471
"931","01/31/2014",Jan 2014,2014 Q1,"FI_deving_intl",-0.0490755966386555
"932","02/28/2014",Feb 2014,2014 Q1,"FI_deving_intl",0.0286319890904211
"933","03/31/2014",Mar 2014,2014 Q1,"FI_deving_intl",0.0189003436426116
"934","04/30/2014",Apr 2014,2014 Q2,"FI_deving_intl",0.0158516357504216
"935","05/31/2014",May 2014,2014 Q2,"FI_deving_intl",0.0249003975796681
"936","06/30/2014",Jun 2014,2014 Q2,"FI_deving_intl",0.01133780332563
"937","07/31/2014",Jul 2014,2014 Q3,"FI_deving_intl",-0.00480458055107565
"938","08/31/2014",Aug 2014,2014 Q3,"FI_deving_intl",0.00225294496298678
"939","09/30/2014",Sep 2014,2014 Q3,"FI_deving_intl",-0.049132885328609
"940","10/31/2014",Oct 2014,2014 Q4,"FI_deving_intl",0.0121579867558938
"941","11/30/2014",Nov 2014,2014 Q4,"FI_deving_intl",-0.0143476147596802
"942","12/31/2014",Dec 2014,2014 Q4,"FI_deving_intl",-0.0382532485357736
"943","01/31/2015",Jan 2015,2015 Q1,"FI_deving_intl",-0.00633579725448785
"944","02/28/2015",Feb 2015,2015 Q1,"FI_deving_intl",-0.00850159404888424
"945","03/31/2015",Mar 2015,2015 Q1,"FI_deving_intl",-0.0264380135762772
"946","04/30/2015",Apr 2015,2015 Q2,"FI_deving_intl",0.0264219816513762
"947","05/31/2015",May 2015,2015 Q2,"FI_deving_intl",-0.0232391499191688
"948","06/30/2015",Jun 2015,2015 Q2,"FI_deving_intl",-0.00878477306002936
"949","07/31/2015",Jul 2015,2015 Q3,"FI_deving_intl",-0.0313884785819792
"950","08/31/2015",Aug 2015,2015 Q3,"FI_deving_intl",-0.03736179946626
"951","09/30/2015",Sep 2015,2015 Q3,"FI_deving_intl",-0.0265346534653466
"952","10/31/2015",Oct 2015,2015 Q4,"FI_deving_intl",0.0349878356387307
"953","11/30/2015",Nov 2015,2015 Q4,"FI_deving_intl",-0.0129716976033137
"954","12/31/2015",Dec 2015,2015 Q4,"FI_deving_intl",-0.0211071676181933
"955","01/31/2016",Jan 2016,2016 Q1,"FI_deving_intl",-0.00325467860048813
"956","02/29/2016",Feb 2016,2016 Q1,"FI_deving_intl",0.0155101632653062
"957","03/31/2016",Mar 2016,2016 Q1,"FI_deving_intl",0.0840032188104188
"958","04/30/2016",Apr 2016,2016 Q2,"FI_deving_intl",0.0229885436777361
"959","05/31/2016",May 2016,2016 Q2,"FI_deving_intl",-0.0405944545125045
"960","06/30/2016",Jun 2016,2016 Q2,"FI_deving_intl",0.0521345316257851
"961","07/31/2016",Jul 2016,2016 Q3,"FI_deving_intl",0.00861759425493711
"962","08/31/2016",Aug 2016,2016 Q3,"FI_deving_intl",-0.00284798860804551
"963","09/30/2016",Sep 2016,2016 Q3,"FI_deving_intl",0.0114244912531238
"964","10/31/2016",Oct 2016,2016 Q4,"FI_deving_intl",-0.013413307447935
"965","11/30/2016",Nov 2016,2016 Q4,"FI_deving_intl",-0.0665474394795192
"966","12/31/2016",Dec 2016,2016 Q4,"FI_deving_intl",0.0187811422000766
"967","01/31/2017",Jan 2017,2017 Q1,"FI_deving_intl",0.025959367945824
"968","02/28/2017",Feb 2017,2017 Q1,"FI_deving_intl",0.0161349101576824
"969","03/31/2017",Mar 2017,2017 Q1,"FI_deving_intl",0.017322339131084
"970","04/30/2017",Apr 2017,2017 Q2,"FI_deving_intl",0.00709464323892719
"971","05/31/2017",May 2017,2017 Q2,"FI_deving_intl",0.0176118357735765
"972","06/30/2017",Jun 2017,2017 Q2,"FI_deving_intl",0.00519217740367525
"973","07/31/2017",Jul 2017,2017 Q3,"FI_deving_intl",0.0206610874428
"974","08/31/2017",Aug 2017,2017 Q3,"FI_deving_intl",0.0172065120515017
"975","09/30/2017",Sep 2017,2017 Q3,"FI_deving_intl",-0.00895525704809277
"976","10/31/2017",Oct 2017,2017 Q4,"FI_deving_intl",-0.0261043850771213
"977","11/30/2017",Nov 2017,2017 Q4,"FI_deving_intl",0.0127147422680412
"978","12/31/2017",Dec 2017,2017 Q4,"FI_deving_intl",0.00712592491095769
"979","01/31/2018",Jan 2018,2018 Q1,"FI_deving_intl",0.0303234501347708
"980","02/28/2018",Feb 2018,2018 Q1,"FI_deving_intl",-0.0173316219751471
"981","03/31/2018",Mar 2018,2018 Q1,"FI_deving_intl",0.0109816975368286
"982","04/30/2018",Apr 2018,2018 Q2,"FI_deving_intl",-0.0342330162683679
"983","05/31/2018",May 2018,2018 Q2,"FI_deving_intl",-0.0524881049761418
"984","06/30/2018",Jun 2018,2018 Q2,"FI_deving_intl",-0.0302158284250298
"985","07/31/2018",Jul 2018,2018 Q3,"FI_deving_intl",0.0170623522649241
"986","08/31/2018",Aug 2018,2018 Q3,"FI_deving_intl",-0.0539751641137857
"987","09/30/2018",Sep 2018,2018 Q3,"FI_deving_intl",0.0142636077770391
"988","10/31/2018",Oct 2018,2018 Q4,"FI_deving_intl",-0.0121626382425937
"989","11/30/2018",Nov 2018,2018 Q4,"FI_deving_intl",0.0200076952674107
"990","12/31/2018",Dec 2018,2018 Q4,"FI_deving_intl",0.000377216144850925
"991","01/31/2019",Jan 2019,2019 Q1,"FI_deving_intl",0.0471342383107089
"992","02/28/2019",Feb 2019,2019 Q1,"FI_deving_intl",-0.0154843356139719
"993","03/31/2019",Mar 2019,2019 Q1,"FI_deving_intl",-0.0157278712509144
"994","04/30/2019",Apr 2019,2019 Q2,"FI_deving_intl",-0.00743221850613156
"995","06/30/2013",Jun 2013,2013 Q2,"FI_HY",NA
"996","07/31/2013",Jul 2013,2013 Q3,"FI_HY",0.0200050221996706
"997","08/31/2013",Aug 2013,2013 Q3,"FI_HY",-0.0151439429044668
"998","09/30/2013",Sep 2013,2013 Q3,"FI_HY",0.00428531208662616
"999","10/31/2013",Oct 2013,2013 Q4,"FI_HY",0.0198293345004016
"1000","11/30/2013",Nov 2013,2013 Q4,"FI_HY",0.00295349087663867
"1001","12/31/2013",Dec 2013,2013 Q4,"FI_HY",-0.00466257668711651
"1002","01/31/2014",Jan 2014,2014 Q1,"FI_HY",0.00567063609467447
"1003","02/28/2014",Feb 2014,2014 Q1,"FI_HY",0.0181416437490812
"1004","03/31/2014",Mar 2014,2014 Q1,"FI_HY",-0.00505656168413396
"1005","04/30/2014",Apr 2014,2014 Q2,"FI_HY",0.000726072932607942
"1006","05/31/2014",May 2014,2014 Q2,"FI_HY",0.00435302689996707
"1007","06/30/2014",Jun 2014,2014 Q2,"FI_HY",0.00481584412282996
"1008","07/31/2014",Jul 2014,2014 Q3,"FI_HY",-0.0282770184794789
"1009","08/31/2014",Aug 2014,2014 Q3,"FI_HY",0.0202219396593187
"1010","09/30/2014",Sep 2014,2014 Q3,"FI_HY",-0.0287648051827829
"1011","10/31/2014",Oct 2014,2014 Q4,"FI_HY",0.00447984897561092
"1012","11/30/2014",Nov 2014,2014 Q4,"FI_HY",-0.0193260981280789
"1013","12/31/2014",Dec 2014,2014 Q4,"FI_HY",-0.0245072936585362
"1014","01/31/2015",Jan 2015,2015 Q1,"FI_HY",0.00854699113274642
"1015","02/28/2015",Feb 2015,2015 Q1,"FI_HY",0.0215716144495806
"1016","03/31/2015",Mar 2015,2015 Q1,"FI_HY",-0.014077359278611
"1017","04/30/2015",Apr 2015,2015 Q2,"FI_HY",0.00560934878091618
"1018","05/31/2015",May 2015,2015 Q2,"FI_HY",-0.000507082488167623
"1019","06/30/2015",Jun 2015,2015 Q2,"FI_HY",-0.0251141632823581
"1020","07/31/2015",Jul 2015,2015 Q3,"FI_HY",-0.011969789123343
"1021","08/31/2015",Aug 2015,2015 Q3,"FI_HY",-0.0252831612577241
"1022","09/30/2015",Sep 2015,2015 Q3,"FI_HY",-0.036476592240625
"1023","10/31/2015",Oct 2015,2015 Q4,"FI_HY",0.0227145347902075
"1024","11/30/2015",Nov 2015,2015 Q4,"FI_HY",-0.0304359919409198
"1025","12/31/2015",Dec 2015,2015 Q4,"FI_HY",-0.0410067771303398
"1026","01/31/2016",Jan 2016,2016 Q1,"FI_HY",-0.0206429365779139
"1027","02/29/2016",Feb 2016,2016 Q1,"FI_HY",0.00662455103757557
"1028","03/31/2016",Mar 2016,2016 Q1,"FI_HY",0.0245288560721023
"1029","04/30/2016",Apr 2016,2016 Q2,"FI_HY",0.0306569537712895
"1030","05/31/2016",May 2016,2016 Q2,"FI_HY",-0.00198300279541065
"1031","06/30/2016",Jun 2016,2016 Q2,"FI_HY",0.0130570344771115
"1032","07/31/2016",Jul 2016,2016 Q3,"FI_HY",0.0103670495937239
"1033","08/31/2016",Aug 2016,2016 Q3,"FI_HY",0.0133111758180809
"1034","09/30/2016",Sep 2016,2016 Q3,"FI_HY",0.00492611736199281
"1035","10/31/2016",Oct 2016,2016 Q4,"FI_HY",-0.0125272780491184
"1036","11/30/2016",Nov 2016,2016 Q4,"FI_HY",-0.00386098551076478
"1037","12/31/2016",Dec 2016,2016 Q4,"FI_HY",0.00913618485477868
"1038","01/31/2017",Jan 2017,2017 Q1,"FI_HY",0.0126200733903991
"1039","02/28/2017",Feb 2017,2017 Q1,"FI_HY",0.00839881671456294
"1040","03/31/2017",Mar 2017,2017 Q1,"FI_HY",-0.00779153652905114
"1041","04/30/2017",Apr 2017,2017 Q2,"FI_HY",0.00568640666408156
"1042","05/31/2017",May 2017,2017 Q2,"FI_HY",0.00673128714290589
"1043","06/30/2017",Jun 2017,2017 Q2,"FI_HY",-0.00508157270360304
"1044","07/31/2017",Jul 2017,2017 Q3,"FI_HY",0.00537633522179809
"1045","08/31/2017",Aug 2017,2017 Q3,"FI_HY",-0.00374329778279756
"1046","09/30/2017",Sep 2017,2017 Q3,"FI_HY",0.00161030597253801
"1047","10/31/2017",Oct 2017,2017 Q4,"FI_HY",-0.00214360487802434
"1048","11/30/2017",Nov 2017,2017 Q4,"FI_HY",-0.00805586279935679
"1049","12/31/2017",Dec 2017,2017 Q4,"FI_HY",-0.00595556758707808
"1050","01/31/2018",Jan 2018,2018 Q1,"FI_HY",-0.000544716755820028
"1051","02/28/2018",Feb 2018,2018 Q1,"FI_HY",-0.0133515079627885
"1052","03/31/2018",Mar 2018,2018 Q1,"FI_HY",-0.00994195001220518
"1053","04/30/2018",Apr 2018,2018 Q2,"FI_HY",0.000557861444225093
"1054","05/31/2018",May 2018,2018 Q2,"FI_HY",-0.00696961242477825
"1055","06/30/2018",Jun 2018,2018 Q2,"FI_HY",-0.00393036679833074
"1056","07/31/2018",Jul 2018,2018 Q3,"FI_HY",0.0129650316992665
"1057","08/31/2018",Aug 2018,2018 Q3,"FI_HY",0.00166944908180307
"1058","09/30/2018",Sep 2018,2018 Q3,"FI_HY",0.00138890740740741
"1059","10/31/2018",Oct 2018,2018 Q4,"FI_HY",-0.0246879237228309
"1060","11/30/2018",Nov 2018,2018 Q4,"FI_HY",-0.0122298157310442
"1061","12/31/2018",Dec 2018,2018 Q4,"FI_HY",-0.0328246946381669
"1062","01/31/2019",Jan 2019,2019 Q1,"FI_HY",0.0523966076926647
"1063","02/28/2019",Feb 2019,2019 Q1,"FI_HY",0.00961807610698502
"1064","03/31/2019",Mar 2019,2019 Q1,"FI_HY",0.00784636219295797
"1065","04/30/2019",Apr 2019,2019 Q2,"FI_HY",0.00834029360177652
"1066","06/30/2013",Jun 2013,2013 Q2,"FI_IG_mid",NA
"1067","07/31/2013",Jul 2013,2013 Q3,"FI_IG_mid",0.00238160166716273
"1068","08/31/2013",Aug 2013,2013 Q3,"FI_IG_mid",-0.00683097753673758
"1069","09/30/2013",Sep 2013,2013 Q3,"FI_IG_mid",0.00897138184723022
"1070","10/31/2013",Oct 2013,2013 Q4,"FI_IG_mid",0.00978061589919299
"1071","11/30/2013",Nov 2013,2013 Q4,"FI_IG_mid",-0.0055767243909598
"1072","12/31/2013",Dec 2013,2013 Q4,"FI_IG_mid",-0.00826455111379721
"1073","01/31/2014",Jan 2014,2014 Q1,"FI_IG_mid",0.0119048221371918
"1074","02/28/2014",Feb 2014,2014 Q1,"FI_IG_mid",0.00529411764705882
"1075","03/31/2014",Mar 2014,2014 Q1,"FI_IG_mid",-0.00526623756582796
"1076","04/30/2014",Apr 2014,2014 Q2,"FI_IG_mid",0.00382355882352941
"1077","05/31/2014",May 2014,2014 Q2,"FI_IG_mid",0.0084968353795243
"1078","06/30/2014",Jun 2014,2014 Q2,"FI_IG_mid",0.00116214416979349
"1079","07/31/2014",Jul 2014,2014 Q3,"FI_IG_mid",-0.00696453879757802
"1080","08/31/2014",Aug 2014,2014 Q3,"FI_IG_mid",0.00759786652256361
"1081","09/30/2014",Sep 2014,2014 Q3,"FI_IG_mid",-0.0101507830626449
"1082","10/31/2014",Oct 2014,2014 Q4,"FI_IG_mid",0.0058599763885152
"1083","11/30/2014",Nov 2014,2014 Q4,"FI_IG_mid",0.00174765501033186
"1084","12/31/2014",Dec 2014,2014 Q4,"FI_IG_mid",-0.00610639738605411
"1085","01/31/2015",Jan 2015,2015 Q1,"FI_IG_mid",0.0184318607372733
"1086","02/28/2015",Feb 2015,2015 Q1,"FI_IG_mid",-0.0100546391825727
"1087","03/31/2015",Mar 2015,2015 Q1,"FI_IG_mid",0.0023215903169351
"1088","04/30/2015",Apr 2015,2015 Q2,"FI_IG_mid",-0.000579067730773763
"1089","05/31/2015",May 2015,2015 Q2,"FI_IG_mid",-0.00579374275782163
"1090","06/30/2015",Jun 2015,2015 Q2,"FI_IG_mid",-0.010198106060606
"1091","07/31/2015",Jul 2015,2015 Q3,"FI_IG_mid",0.00117742121938706
"1092","08/31/2015",Aug 2015,2015 Q3,"FI_IG_mid",-0.00646859785172603
"1093","09/30/2015",Sep 2015,2015 Q3,"FI_IG_mid",0.00473512859617861
"1094","10/31/2015",Oct 2015,2015 Q4,"FI_IG_mid",0
"1095","11/30/2015",Nov 2015,2015 Q4,"FI_IG_mid",-0.00206185560937098
"1096","12/31/2015",Dec 2015,2015 Q4,"FI_IG_mid",-0.0132822014969834
"1097","01/31/2016",Jan 2016,2016 Q1,"FI_IG_mid",0.00658097517200122
"1098","02/29/2016",Feb 2016,2016 Q1,"FI_IG_mid",0.00564629981299861
"1099","03/31/2016",Mar 2016,2016 Q1,"FI_IG_mid",0.0127068557919622
"1100","04/30/2016",Apr 2016,2016 Q2,"FI_IG_mid",0.0058360373504523
"1101","05/31/2016",May 2016,2016 Q2,"FI_IG_mid",-0.00435163898022524
"1102","06/30/2016",Jun 2016,2016 Q2,"FI_IG_mid",0.0166083624708626
"1103","07/31/2016",Jul 2016,2016 Q3,"FI_IG_mid",0.00372602475569002
"1104","08/31/2016",Aug 2016,2016 Q3,"FI_IG_mid",-0.00342655625356946
"1105","09/30/2016",Sep 2016,2016 Q3,"FI_IG_mid",0.000286475628282083
"1106","10/31/2016",Oct 2016,2016 Q4,"FI_IG_mid",-0.00716127184187912
"1107","11/30/2016",Nov 2016,2016 Q4,"FI_IG_mid",-0.0213503173687247
"1108","12/31/2016",Dec 2016,2016 Q4,"FI_IG_mid",-0.000294752375869924
"1109","01/31/2017",Jan 2017,2017 Q1,"FI_IG_mid",0.00442350339133009
"1110","02/28/2017",Feb 2017,2017 Q1,"FI_IG_mid",0.00528482074912438
"1111","03/31/2017",Mar 2017,2017 Q1,"FI_IG_mid",-0.00321264584038275
"1112","04/30/2017",Apr 2017,2017 Q2,"FI_IG_mid",0.00527395237990177
"1113","05/31/2017",May 2017,2017 Q2,"FI_IG_mid",0.00553771479050672
"1114","06/30/2017",Jun 2017,2017 Q2,"FI_IG_mid",-0.00260869565217401
"1115","07/31/2017",Jul 2017,2017 Q3,"FI_IG_mid",0.0052310374891022
"1116","08/31/2017",Aug 2017,2017 Q3,"FI_IG_mid",0.00202370627348925
"1117","09/30/2017",Sep 2017,2017 Q3,"FI_IG_mid",-0.00432781304096923
"1118","10/31/2017",Oct 2017,2017 Q4,"FI_IG_mid",0.000289829051859118
"1119","11/30/2017",Nov 2017,2017 Q4,"FI_IG_mid",-0.00550399768250298
"1120","12/31/2017",Dec 2017,2017 Q4,"FI_IG_mid",-0.0032042235243679
"1121","01/31/2018",Jan 2018,2018 Q1,"FI_IG_mid",-0.00730566898580745
"1122","02/28/2018",Feb 2018,2018 Q1,"FI_IG_mid",-0.0114806885051314
"1123","03/31/2018",Mar 2018,2018 Q1,"FI_IG_mid",-0.00119121493798612
"1124","04/30/2018",Apr 2018,2018 Q2,"FI_IG_mid",-0.00685748339721269
"1125","05/31/2018",May 2018,2018 Q2,"FI_IG_mid",0.00150105069045171
"1126","06/30/2018",Jun 2018,2018 Q2,"FI_IG_mid",-0.00209832128002635
"1127","07/31/2018",Jul 2018,2018 Q3,"FI_IG_mid",0.00180225287466957
"1128","08/31/2018",Aug 2018,2018 Q3,"FI_IG_mid",0.00179916052768571
"1129","09/30/2018",Sep 2018,2018 Q3,"FI_IG_mid",-0.00329245734809928
"1130","10/31/2018",Oct 2018,2018 Q4,"FI_IG_mid",-0.00900897924951889
"1131","11/30/2018",Nov 2018,2018 Q4,"FI_IG_mid",-0.00424239393939403
"1132","12/31/2018",Dec 2018,2018 Q4,"FI_IG_mid",0.00547778437377405
"1133","01/31/2019",Jan 2019,2019 Q1,"FI_IG_mid",0.0205811131785379
"1134","02/28/2019",Feb 2019,2019 Q1,"FI_IG_mid",-0.00118626924121395
"1135","03/31/2019",Mar 2019,2019 Q1,"FI_IG_mid",0.0145486342042755
"1136","04/30/2019",Apr 2019,2019 Q2,"FI_IG_mid",0.00117064683468825
"1137","06/30/2013",Jun 2013,2013 Q2,"FI_IG_long",NA
"1138","07/31/2013",Jul 2013,2013 Q3,"FI_IG_long",-0.00291385438182398
"1139","08/31/2013",Aug 2013,2013 Q3,"FI_IG_long",-0.0159405282693802
"1140","09/30/2013",Sep 2013,2013 Q3,"FI_IG_long",-0.00215985424081875
"1141","10/31/2013",Oct 2013,2013 Q4,"FI_IG_long",0.0281385969212093
"1142","11/30/2013",Nov 2013,2013 Q4,"FI_IG_long",-0.0205263152493075
"1143","12/31/2013",Dec 2013,2013 Q4,"FI_IG_long",-0.00268678122818965
"1144","01/31/2014",Jan 2014,2014 Q1,"FI_IG_long",0.0315194378103296
"1145","02/28/2014",Feb 2014,2014 Q1,"FI_IG_long",0.0190650428432353
"1146","03/31/2014",Mar 2014,2014 Q1,"FI_IG_long",0.00615069179521549
"1147","04/30/2014",Apr 2014,2014 Q2,"FI_IG_long",0.0226693320766854
"1148","05/31/2014",May 2014,2014 Q2,"FI_IG_long",0.0124533253413033
"1149","06/30/2014",Jun 2014,2014 Q2,"FI_IG_long",-0.00122996309963105
"1150","07/31/2014",Jul 2014,2014 Q3,"FI_IG_long",0.000738842328135885
"1151","08/31/2014",Aug 2014,2014 Q3,"FI_IG_long",0.0273197151690798
"1152","09/30/2014",Sep 2014,2014 Q3,"FI_IG_long",-0.0299472455665367
"1153","10/31/2014",Oct 2014,2014 Q4,"FI_IG_long",0.0140775126184857
"1154","11/30/2014",Nov 2014,2014 Q4,"FI_IG_long",0.0065757428954669
"1155","12/31/2014",Dec 2014,2014 Q4,"FI_IG_long",0.000725901291143275
"1156","01/31/2015",Jan 2015,2015 Q1,"FI_IG_long",0.0614119424223419
"1157","02/28/2015",Feb 2015,2015 Q1,"FI_IG_long",-0.0287015951868245
"1158","03/31/2015",Mar 2015,2015 Q1,"FI_IG_long",-0.00680107895874956
"1159","04/30/2015",Apr 2015,2015 Q2,"FI_IG_long",-0.0314050051616292
"1160","05/31/2015",May 2015,2015 Q2,"FI_IG_long",-0.0287664682780708
"1161","06/30/2015",Jun 2015,2015 Q2,"FI_IG_long",-0.038905573753975
"1162","07/31/2015",Jul 2015,2015 Q3,"FI_IG_long",0.0214155259674128
"1163","08/31/2015",Aug 2015,2015 Q3,"FI_IG_long",-0.0230120551518267
"1164","09/30/2015",Sep 2015,2015 Q3,"FI_IG_long",0.00287885374089049
"1165","10/31/2015",Oct 2015,2015 Q4,"FI_IG_long",0.014091818709658
"1166","11/30/2015",Nov 2015,2015 Q4,"FI_IG_long",-0.0177560092062792
"1167","12/31/2015",Dec 2015,2015 Q4,"FI_IG_long",-0.0154571913091802
"1168","01/31/2016",Jan 2016,2016 Q1,"FI_IG_long",-0.00186270625149952
"1169","02/29/2016",Feb 2016,2016 Q1,"FI_IG_long",0.014129632474797
"1170","03/31/2016",Mar 2016,2016 Q1,"FI_IG_long",0.048633002814156
"1171","04/30/2016",Apr 2016,2016 Q2,"FI_IG_long",0.0258210196585355
"1172","05/31/2016",May 2016,2016 Q2,"FI_IG_long",-0.010508320729167
"1173","06/30/2016",Jun 2016,2016 Q2,"FI_IG_long",0.0424795618058888
"1174","07/31/2016",Jul 2016,2016 Q3,"FI_IG_long",0.0262970869330877
"1175","08/31/2016",Aug 2016,2016 Q3,"FI_IG_long",0.00184671059026001
"1176","09/30/2016",Sep 2016,2016 Q3,"FI_IG_long",-0.0117510834908334
"1177","10/31/2016",Oct 2016,2016 Q4,"FI_IG_long",-0.0284448466205445
"1178","11/30/2016",Nov 2016,2016 Q4,"FI_IG_long",-0.0592753038417817
"1179","12/31/2016",Dec 2016,2016 Q4,"FI_IG_long",0.0170918497078041
"1180","01/31/2017",Jan 2017,2017 Q1,"FI_IG_long",0.00175571858540267
"1181","02/28/2017",Feb 2017,2017 Q1,"FI_IG_long",0.016524824530235
"1182","03/31/2017",Mar 2017,2017 Q1,"FI_IG_long",-0.010837499466133
"1183","04/30/2017",Apr 2017,2017 Q2,"FI_IG_long",0.0117031749465037
"1184","05/31/2017",May 2017,2017 Q2,"FI_IG_long",0.0199360452851599
"1185","06/30/2017",Jun 2017,2017 Q2,"FI_IG_long",0.00482624270238608
"1186","07/31/2017",Jul 2017,2017 Q3,"FI_IG_long",0.00792507204610947
"1187","08/31/2017",Aug 2017,2017 Q3,"FI_IG_long",0.0061949249463903
"1188","09/30/2017",Sep 2017,2017 Q3,"FI_IG_long",-0.0026048069475538
"1189","10/31/2017",Oct 2017,2017 Q4,"FI_IG_long",0.00284900284900292
"1190","11/30/2017",Nov 2017,2017 Q4,"FI_IG_long",-0.000355113636363692
"1191","12/31/2017",Dec 2017,2017 Q4,"FI_IG_long",0.0163410657193606
"1192","01/31/2018",Jan 2018,2018 Q1,"FI_IG_long",-0.0111848999935372
"1193","02/28/2018",Feb 2018,2018 Q1,"FI_IG_long",-0.0448922218136366
"1194","03/31/2018",Mar 2018,2018 Q1,"FI_IG_long",0.00925240562546262
"1195","04/30/2018",Apr 2018,2018 Q2,"FI_IG_long",-0.0286028602860286
"1196","05/31/2018",May 2018,2018 Q2,"FI_IG_long",-0.0011325405813514
"1197","06/30/2018",Jun 2018,2018 Q2,"FI_IG_long",-0.012849509177986
"1198","07/31/2018",Jul 2018,2018 Q3,"FI_IG_long",0.0133996166386059
"1199","08/31/2018",Aug 2018,2018 Q3,"FI_IG_long",-0.00491118265625932
"1200","09/30/2018",Sep 2018,2018 Q3,"FI_IG_long",-0.00645406226271823
"1201","10/31/2018",Oct 2018,2018 Q4,"FI_IG_long",-0.03897592663355
"1202","11/30/2018",Nov 2018,2018 Q4,"FI_IG_long",-0.0099403578528827
"1203","12/31/2018",Dec 2018,2018 Q4,"FI_IG_long",0.0192770682730925
"1204","01/31/2019",Jan 2019,2019 Q1,"FI_IG_long",0.0382191110409421
"1205","02/28/2019",Feb 2019,2019 Q1,"FI_IG_long",-0.00986717267552188
"1206","03/31/2019",Mar 2019,2019 Q1,"FI_IG_long",0.0398619777692603
"1207","04/30/2019",Apr 2019,2019 Q2,"FI_IG_long",0.00221164770407832
"1208","06/30/2013",Jun 2013,2013 Q2,"FI_IG_short",NA
"1209","07/31/2013",Jul 2013,2013 Q3,"FI_IG_short",0.00261523373651526
"1210","08/31/2013",Aug 2013,2013 Q3,"FI_IG_short",-0.00358659928268668
"1211","09/30/2013",Sep 2013,2013 Q3,"FI_IG_short",0.00589008527127233
"1212","10/31/2013",Oct 2013,2013 Q4,"FI_IG_short",0.000975927130774273
"1213","11/30/2013",Nov 2013,2013 Q4,"FI_IG_short",0.00162495937601562
"1214","12/31/2013",Dec 2013,2013 Q4,"FI_IG_short",-0.00421800778715125
"1215","01/31/2014",Jan 2014,2014 Q1,"FI_IG_short",0.00162916254059424
"1216","02/28/2014",Feb 2014,2014 Q1,"FI_IG_short",0.00227713077423562
"1217","03/31/2014",Mar 2014,2014 Q1,"FI_IG_short",-0.00162281731979283
"1218","04/30/2014",Apr 2014,2014 Q2,"FI_IG_short",0.000975325097529214
"1219","05/31/2014",May 2014,2014 Q2,"FI_IG_short",0.00194865209650371
"1220","06/30/2014",Jun 2014,2014 Q2,"FI_IG_short",-0.00129662884927067
"1221","07/31/2014",Jul 2014,2014 Q3,"FI_IG_short",-0.00227195723050828
"1222","08/31/2014",Aug 2014,2014 Q3,"FI_IG_short",0.00130126870527001
"1223","09/30/2014",Sep 2014,2014 Q3,"FI_IG_short",-0.00292397651319114
"1224","10/31/2014",Oct 2014,2014 Q4,"FI_IG_short",0.00195500156549364
"1225","11/30/2014",Nov 2014,2014 Q4,"FI_IG_short",-0.000650406504065027
"1226","12/31/2014",Dec 2014,2014 Q4,"FI_IG_short",-0.00488122356003912
"1227","01/31/2015",Jan 2015,2015 Q1,"FI_IG_short",0.0039241661216482
"1228","02/28/2015",Feb 2015,2015 Q1,"FI_IG_short",0.00130289898036154
"1229","03/31/2015",Mar 2015,2015 Q1,"FI_IG_short",0.000325309043591463
"1230","04/30/2015",Apr 2015,2015 Q2,"FI_IG_short",-0.00162598373983739
"1231","05/31/2015",May 2015,2015 Q2,"FI_IG_short",-0.00130296412693929
"1232","06/30/2015",Jun 2015,2015 Q2,"FI_IG_short",-0.00195694716242657
"1233","07/31/2015",Jul 2015,2015 Q3,"FI_IG_short",0
"1234","08/31/2015",Aug 2015,2015 Q3,"FI_IG_short",-0.00424839869281046
"1235","09/30/2015",Sep 2015,2015 Q3,"FI_IG_short",0.00164099119268098
"1236","10/31/2015",Oct 2015,2015 Q4,"FI_IG_short",0.00163826998689386
"1237","11/30/2015",Nov 2015,2015 Q4,"FI_IG_short",0
"1238","12/31/2015",Dec 2015,2015 Q4,"FI_IG_short",-0.00556100752371612
"1239","01/31/2016",Jan 2016,2016 Q1,"FI_IG_short",-0.00065792763157885
"1240","02/29/2016",Feb 2016,2016 Q1,"FI_IG_short",0.00362083619555079
"1241","03/31/2016",Mar 2016,2016 Q1,"FI_IG_short",0.00459163660216475
"1242","04/30/2016",Apr 2016,2016 Q2,"FI_IG_short",0.00228540653886403
"1243","05/31/2016",May 2016,2016 Q2,"FI_IG_short",-0.00228019536546591
"1244","06/30/2016",Jun 2016,2016 Q2,"FI_IG_short",0.00489722510274966
"1245","07/31/2016",Jul 2016,2016 Q3,"FI_IG_short",0.00194928518683288
"1246","08/31/2016",Aug 2016,2016 Q3,"FI_IG_short",-0.0022697795071336
"1247","09/30/2016",Sep 2016,2016 Q3,"FI_IG_short",0
"1248","10/31/2016",Oct 2016,2016 Q4,"FI_IG_short",-0.00194998375040623
"1249","11/30/2016",Nov 2016,2016 Q4,"FI_IG_short",-0.00553559119295314
"1250","12/31/2016",Dec 2016,2016 Q4,"FI_IG_short",-0.000327439412985008
"1251","01/31/2017",Jan 2017,2017 Q1,"FI_IG_short",0.00196524723336895
"1252","02/28/2017",Feb 2017,2017 Q1,"FI_IG_short",0.000653841124550526
"1253","03/31/2017",Mar 2017,2017 Q1,"FI_IG_short",0
"1254","04/30/2017",Apr 2017,2017 Q2,"FI_IG_short",0.000980006501796556
"1255","05/31/2017",May 2017,2017 Q2,"FI_IG_short",0.000979144940572686
"1256","06/30/2017",Jun 2017,2017 Q2,"FI_IG_short",-0.000978187153570335
"1257","07/31/2017",Jul 2017,2017 Q3,"FI_IG_short",0.00195828988114526
"1258","08/31/2017",Aug 2017,2017 Q3,"FI_IG_short",0.000977166091948991
"1259","09/30/2017",Sep 2017,2017 Q3,"FI_IG_short",-0.00195248942401558
"1260","10/31/2017",Oct 2017,2017 Q4,"FI_IG_short",-0.000326051516139601
"1261","11/30/2017",Nov 2017,2017 Q4,"FI_IG_short",-0.00489236790606649
"1262","12/31/2017",Dec 2017,2017 Q4,"FI_IG_short",-0.00294985250737463
"1263","01/31/2018",Jan 2018,2018 Q1,"FI_IG_short",-0.00230111768573308
"1264","02/28/2018",Feb 2018,2018 Q1,"FI_IG_short",-0.00494230642504122
"1265","03/31/2018",Mar 2018,2018 Q1,"FI_IG_short",0
"1266","04/30/2018",Apr 2018,2018 Q2,"FI_IG_short",-0.000993410563132055
"1267","05/31/2018",May 2018,2018 Q2,"FI_IG_short",0.0016572422936692
"1268","06/30/2018",Jun 2018,2018 Q2,"FI_IG_short",-0.0019854070809202
"1269","07/31/2018",Jul 2018,2018 Q3,"FI_IG_short",0.000994728116710829
"1270","08/31/2018",Aug 2018,2018 Q3,"FI_IG_short",0.00231861535877401
"1271","09/30/2018",Sep 2018,2018 Q3,"FI_IG_short",-0.00264375413086589
"1272","10/31/2018",Oct 2018,2018 Q4,"FI_IG_short",-0.002650762094102
"1273","11/30/2018",Nov 2018,2018 Q4,"FI_IG_short",-0.000664451827242629
"1274","12/31/2018",Dec 2018,2018 Q4,"FI_IG_short",0.00199464760638302
"1275","01/31/2019",Jan 2019,2019 Q1,"FI_IG_short",0.00895822856530289
"1276","02/28/2019",Feb 2019,2019 Q1,"FI_IG_short",0.000328839197632409
"1277","03/31/2019",Mar 2019,2019 Q1,"FI_IG_short",0.00427347140039441
"1278","04/30/2019",Apr 2019,2019 Q2,"FI_IG_short",0.00032733225294055
"1279","06/30/2013",Jun 2013,2013 Q2,"FI_treas_long",NA
"1280","07/31/2013",Jul 2013,2013 Q3,"FI_treas_long",-0.0173005600186684
"1281","08/31/2013",Aug 2013,2013 Q3,"FI_treas_long",-0.0147502299762093
"1282","09/30/2013",Sep 2013,2013 Q3,"FI_treas_long",0.00611722492328473
"1283","10/31/2013",Oct 2013,2013 Q4,"FI_treas_long",0.00975999999999999
"1284","11/30/2013",Nov 2013,2013 Q4,"FI_treas_long",-0.0288385358897164
"1285","12/31/2013",Dec 2013,2013 Q4,"FI_treas_long",-0.0236580192527328
"1286","01/31/2014",Jan 2014,2014 Q1,"FI_treas_long",0.0598261697860962
"1287","02/28/2014",Feb 2014,2014 Q1,"FI_treas_long",0.00220756865996744
"1288","03/31/2014",Mar 2014,2014 Q1,"FI_treas_long",0.00377592813795066
"1289","04/30/2014",Apr 2014,2014 Q2,"FI_treas_long",0.016927868338558
"1290","05/31/2014",May 2014,2014 Q2,"FI_treas_long",0.025739920645497
"1291","06/30/2014",Jun 2014,2014 Q2,"FI_treas_long",-0.00375657377871833
"1292","07/31/2014",Jul 2014,2014 Q3,"FI_treas_long",0.00135740564962861
"1293","08/31/2014",Aug 2014,2014 Q3,"FI_treas_long",0.0405181804488627
"1294","09/30/2014",Sep 2014,2014 Q3,"FI_treas_long",-0.0208454249899992
"1295","10/31/2014",Oct 2014,2014 Q4,"FI_treas_long",0.0218805736250739
"1296","11/30/2014",Nov 2014,2014 Q4,"FI_treas_long",0.0248841717336756
"1297","12/31/2014",Dec 2014,2014 Q4,"FI_treas_long",0.0286562127982051
"1298","01/31/2015",Jan 2015,2015 Q1,"FI_treas_long",0.0868669387438743
"1299","02/28/2015",Feb 2015,2015 Q1,"FI_treas_long",-0.0573231342082391
"1300","03/31/2015",Mar 2015,2015 Q1,"FI_treas_long",0.00750064251268983
"1301","04/30/2015",Apr 2015,2015 Q2,"FI_treas_long",-0.031773463659307
"1302","05/31/2015",May 2015,2015 Q2,"FI_treas_long",-0.024852477691817
"1303","06/30/2015",Jun 2015,2015 Q2,"FI_treas_long",-0.0380174056895189
"1304","07/31/2015",Jul 2015,2015 Q3,"FI_treas_long",0.0390807669789228
"1305","08/31/2015",Aug 2015,2015 Q3,"FI_treas_long",-0.00831097361067681
"1306","09/30/2015",Sep 2015,2015 Q3,"FI_treas_long",0.015767045006618
"1307","10/31/2015",Oct 2015,2015 Q4,"FI_treas_long",-0.00531399789360934
"1308","11/30/2015",Nov 2015,2015 Q4,"FI_treas_long",-0.0108252217299374
"1309","12/31/2015",Dec 2015,2015 Q4,"FI_treas_long",-0.00682208641273449
"1310","01/31/2016",Jan 2016,2016 Q1,"FI_treas_long",0.0523755309781206
"1311","02/29/2016",Feb 2016,2016 Q1,"FI_treas_long",0.0251563774816426
"1312","03/31/2016",Mar 2016,2016 Q1,"FI_treas_long",-0.000265260644647845
"1313","04/30/2016",Apr 2016,2016 Q2,"FI_treas_long",-0.00835881628343329
"1314","05/31/2016",May 2016,2016 Q2,"FI_treas_long",0.00481669801489692
"1315","06/30/2016",Jun 2016,2016 Q2,"FI_treas_long",0.0628495622596421
"1316","07/31/2016",Jul 2016,2016 Q3,"FI_treas_long",0.018291130042596
"1317","08/31/2016",Aug 2016,2016 Q3,"FI_treas_long",-0.012180093803644
"1318","09/30/2016",Sep 2016,2016 Q3,"FI_treas_long",-0.0153194918420727
"1319","10/31/2016",Oct 2016,2016 Q4,"FI_treas_long",-0.0438907423195229
"1320","11/30/2016",Nov 2016,2016 Q4,"FI_treas_long",-0.080830696167784
"1321","12/31/2016",Dec 2016,2016 Q4,"FI_treas_long",-0.00849170935568733
"1322","01/31/2017",Jan 2017,2017 Q1,"FI_treas_long",0.00754832341413848
"1323","02/28/2017",Feb 2017,2017 Q1,"FI_treas_long",0.0139748443178306
"1324","03/31/2017",Mar 2017,2017 Q1,"FI_treas_long",-0.0089513784868252
"1325","04/30/2017",Apr 2017,2017 Q2,"FI_treas_long",0.0136200143369175
"1326","05/31/2017",May 2017,2017 Q2,"FI_treas_long",0.015841641631776
"1327","06/30/2017",Jun 2017,2017 Q2,"FI_treas_long",0.00403787245892518
"1328","07/31/2017",Jul 2017,2017 Q3,"FI_treas_long",-0.00721126057412287
"1329","08/31/2017",Aug 2017,2017 Q3,"FI_treas_long",0.0301718692650856
"1330","09/30/2017",Sep 2017,2017 Q3,"FI_treas_long",-0.0239999457627119
"1331","10/31/2017",Oct 2017,2017 Q4,"FI_treas_long",-0.00222289512515171
"1332","11/30/2017",Nov 2017,2017 Q4,"FI_treas_long",0.00389860763018666
"1333","12/31/2017",Dec 2017,2017 Q4,"FI_treas_long",0.0149792237164834
"1334","01/31/2018",Jan 2018,2018 Q1,"FI_treas_long",-0.0338890953812518
"1335","02/28/2018",Feb 2018,2018 Q1,"FI_treas_long",-0.0316831135322837
"1336","03/31/2018",Mar 2018,2018 Q1,"FI_treas_long",0.0254162430616419
"1337","04/30/2018",Apr 2018,2018 Q2,"FI_treas_long",-0.0225070383194894
"1338","05/31/2018",May 2018,2018 Q2,"FI_treas_long",0.0171961813699743
"1339","06/30/2018",Jun 2018,2018 Q2,"FI_treas_long",0.00372484219341867
"1340","07/31/2018",Jul 2018,2018 Q3,"FI_treas_long",-0.0162717675213177
"1341","08/31/2018",Aug 2018,2018 Q3,"FI_treas_long",0.0107371738461164
"1342","09/30/2018",Sep 2018,2018 Q3,"FI_treas_long",-0.0295722923013326
"1343","10/31/2018",Oct 2018,2018 Q4,"FI_treas_long",-0.0307692612653627
"1344","11/30/2018",Nov 2018,2018 Q4,"FI_treas_long",0.0152625161942928
"1345","12/31/2018",Dec 2018,2018 Q4,"FI_treas_long",0.0535178324424431
"1346","01/31/2019",Jan 2019,2019 Q1,"FI_treas_long",0.00285382411946867
"1347","02/28/2019",Feb 2019,2019 Q1,"FI_treas_long",-0.0156516509861028
"1348","03/31/2019",Mar 2019,2019 Q1,"FI_treas_long",0.0520381324082105
"1349","04/30/2019",Apr 2019,2019 Q2,"FI_treas_long",-0.020884804091366
"1350","06/30/2013",Jun 2013,2013 Q2,"FI_treas_short",NA
"1351","07/31/2013",Jul 2013,2013 Q3,"FI_treas_short",0.00200742730034888
"1352","08/31/2013",Aug 2013,2013 Q3,"FI_treas_short",-0.00233729541444752
"1353","09/30/2013",Sep 2013,2013 Q3,"FI_treas_short",0.00502014742369962
"1354","10/31/2013",Oct 2013,2013 Q4,"FI_treas_short",0.00765897410393036
"1355","11/30/2013",Nov 2013,2013 Q4,"FI_treas_short",0
"1356","12/31/2013",Dec 2013,2013 Q4,"FI_treas_short",-0.0109054857898216
"1357","01/31/2014",Jan 2014,2014 Q1,"FI_treas_short",0.00334116271299696
"1358","02/28/2014",Feb 2014,2014 Q1,"FI_treas_short",0.00199796863143632
"1359","03/31/2014",Mar 2014,2014 Q1,"FI_treas_short",-0.00432040545031572
"1360","04/30/2014",Apr 2014,2014 Q2,"FI_treas_short",0.00166892528935003
"1361","05/31/2014",May 2014,2014 Q2,"FI_treas_short",0.00299900033322225
"1362","06/30/2014",Jun 2014,2014 Q2,"FI_treas_short",-0.000996677740863825
"1363","07/31/2014",Jul 2014,2014 Q3,"FI_treas_short",-0.00266045892916534
"1364","08/31/2014",Aug 2014,2014 Q3,"FI_treas_short",0.0606868622874292
"1365","09/30/2014",Sep 2014,2014 Q3,"FI_treas_short",-0.0524992157340213
"1366","10/31/2014",Oct 2014,2014 Q4,"FI_treas_short",0.00364966833608722
"1367","11/30/2014",Nov 2014,2014 Q4,"FI_treas_short",-0.00165285950413222
"1368","12/31/2014",Dec 2014,2014 Q4,"FI_treas_short",-0.00397354291478341
"1369","01/31/2015",Jan 2015,2015 Q1,"FI_treas_short",0.00964099069148937
"1370","02/28/2015",Feb 2015,2015 Q1,"FI_treas_short",-0.00559762905506648
"1371","03/31/2015",Mar 2015,2015 Q1,"FI_treas_short",0.00496685414017043
"1372","04/30/2015",Apr 2015,2015 Q2,"FI_treas_short",-0.0029654036243822
"1373","05/31/2015",May 2015,2015 Q2,"FI_treas_short",0.00132184401850622
"1374","06/30/2015",Jun 2015,2015 Q2,"FI_treas_short",-0.000329967007589654
"1375","07/31/2015",Jul 2015,2015 Q3,"FI_treas_short",-0.00231105967939713
"1376","08/31/2015",Aug 2015,2015 Q3,"FI_treas_short",0.00198550635292864
"1377","09/30/2015",Sep 2015,2015 Q3,"FI_treas_short",0.0029722588186176
"1378","10/31/2015",Oct 2015,2015 Q4,"FI_treas_short",-0.00263417837885479
"1379","11/30/2015",Nov 2015,2015 Q4,"FI_treas_short",-0.00429187836606542
"1380","12/31/2015",Dec 2015,2015 Q4,"FI_treas_short",-0.00198938992042436
"1381","01/31/2016",Jan 2016,2016 Q1,"FI_treas_short",0.0102990033222591
"1382","02/29/2016",Feb 2016,2016 Q1,"FI_treas_short",0.000657678395264702
"1383","03/31/2016",Mar 2016,2016 Q1,"FI_treas_short",0.00197173841603676
"1384","04/30/2016",Apr 2016,2016 Q2,"FI_treas_short",-0.00163984913086257
"1385","05/31/2016",May 2016,2016 Q2,"FI_treas_short",-0.00131409325512178
"1386","06/30/2016",Jun 2016,2016 Q2,"FI_treas_short",0.00855263157894742
"1387","07/31/2016",Jul 2016,2016 Q3,"FI_treas_short",-0.000978506196999302
"1388","08/31/2016",Aug 2016,2016 Q3,"FI_treas_short",-0.004570649839068
"1389","09/30/2016",Sep 2016,2016 Q3,"FI_treas_short",0.00196782551656285
"1390","10/31/2016",Oct 2016,2016 Q4,"FI_treas_short",-0.00360058931589493
"1391","11/30/2016",Nov 2016,2016 Q4,"FI_treas_short",-0.0114980613831123
"1392","12/31/2016",Dec 2016,2016 Q4,"FI_treas_short",-0.00132937853107345
"1393","01/31/2017",Jan 2017,2017 Q1,"FI_treas_short",0.00166392684405752
"1394","02/28/2017",Feb 2017,2017 Q1,"FI_treas_short",0.000996644518272429
"1395","03/31/2017",Mar 2017,2017 Q1,"FI_treas_short",-0.000663723885287917
"1396","04/30/2017",Apr 2017,2017 Q2,"FI_treas_short",0.00265692452152354
"1397","05/31/2017",May 2017,2017 Q2,"FI_treas_short",0.00132490886634955
"1398","06/30/2017",Jun 2017,2017 Q2,"FI_treas_short",-0.0023155805491234
"1399","07/31/2017",Jul 2017,2017 Q3,"FI_treas_short",0.00132629310344828
"1400","08/31/2017",Aug 2017,2017 Q3,"FI_treas_short",0.00264900653480105
"1401","09/30/2017",Sep 2017,2017 Q3,"FI_treas_short",-0.0042932957631012
"1402","10/31/2017",Oct 2017,2017 Q4,"FI_treas_short",-0.00232172470978442
"1403","11/30/2017",Nov 2017,2017 Q4,"FI_treas_short",-0.00365694813829777
"1404","12/31/2017",Dec 2017,2017 Q4,"FI_treas_short",-0.00333660338126814
"1405","01/31/2018",Jan 2018,2018 Q1,"FI_treas_short",-0.00535661180593863
"1406","02/28/2018",Feb 2018,2018 Q1,"FI_treas_short",-0.00269269615256461
"1407","03/31/2018",Mar 2018,2018 Q1,"FI_treas_short",0.00168751271304458
"1408","04/30/2018",Apr 2018,2018 Q2,"FI_treas_short",-0.00505387466307281
"1409","05/31/2018",May 2018,2018 Q2,"FI_treas_short",0.00203179810254667
"1410","06/30/2018",Jun 2018,2018 Q2,"FI_treas_short",-0.00101388982764443
"1411","07/31/2018",Jul 2018,2018 Q3,"FI_treas_short",-0.00236803120324878
"1412","08/31/2018",Aug 2018,2018 Q3,"FI_treas_short",0.00101729399796545
"1413","09/30/2018",Sep 2018,2018 Q3,"FI_treas_short",-0.00237123983739835
"1414","10/31/2018",Oct 2018,2018 Q4,"FI_treas_short",-0.000679151080504228
"1415","11/30/2018",Nov 2018,2018 Q4,"FI_treas_short",0.00169894665307512
"1416","12/31/2018",Dec 2018,2018 Q4,"FI_treas_short",0.00339213025780183
"1417","01/31/2019",Jan 2019,2019 Q1,"FI_treas_short",0.00338066260987158
"1418","02/28/2019",Feb 2019,2019 Q1,"FI_treas_short",-0.00134774258760108
"1419","03/31/2019",Mar 2019,2019 Q1,"FI_treas_short",0.00404861687073613
"1420","04/30/2019",Apr 2019,2019 Q2,"FI_treas_short",0
